"Kmer","mean_mean_log10_segm_size","max_max_log10_segm_size","mean_sd_log10_segm_size","mean_count","sd_count","mean_freq_virus","kmer_count","freq_vector","accession_id","Enrichment_score","Distribution_score"
"AAAAAGG",3.60364901008083,3.76170236754141,0.227743401880325,2.28571428571429,0.487950036474267,0.000215137139224859,24,7.94701986754967e-05,"SRR8482202",2.70714233524614,0.60762762770309
"AAAAGGC",3.58264777684189,3.94743372188705,0.515885230845959,2,0,0.00018849214382112,23,7.6158940397351e-05,"SRR8482202",2.47498380147732,0.506658285080442
"AAACCGC",4.02028459930691,4.02395170742339,0,1,0,9.42460719105602e-05,16,5.29801324503311e-05,"SRR8482202",1.77889460731182,0.248511928747852
"AAACGCG",4.020740353563,4.02440356268297,0,1,0,9.42460719105602e-05,11,3.64238410596026e-05,"SRR8482202",2.58748306518083,0.248484026123197
"AAACTGT",4.01724786472989,4.02094105986232,0,1,0,9.42460719105602e-05,14,4.63576158940397e-05,"SRR8482202",2.03302240835637,0.248698000073207
"AAAGAGA",2.96424416121211,3.71591981743358,0.540440681820247,6.71428571428571,1.11269728052837,0.000633749282773276,45,0.000149006622516556,"SRR8482202",4.25316185327843,1.80689736166669
"AAAGGCG",4.02202218388682,4.02567444941034,0,1,0,9.42460719105602e-05,20,6.62251655629139e-05,"SRR8482202",1.42311568584946,0.248405580870175
"AAAGGGA",2.93296357717133,3.71087861768517,0.709585369192194,5.14285714285714,0.899735410842437,0.00048455285725467,9,2.98013245033113e-05,"SRR8482202",16.2594403212123,1.38588665184237
"AACAATC",3.46485803358561,4.0177426641615,0.679373563898697,1.85714285714286,0.899735410842437,0.000174181058121775,20,6.62251655629139e-05,"SRR8482202",2.6301339776388,0.462235392452752
"AACAGCA",2.91378086386005,3.95511023097055,0.794544165644865,4.71428571428571,0.951189731211342,0.000443083407945684,32,0.000105960264900662,"SRR8482202",4.18159966248739,1.1919479961318
"AACCACA",2.82527267299094,3.98855895687862,1.2477033889314,3.85714285714286,1.0690449676497,0.000362159833736993,15,4.96688741721854e-05,"SRR8482202",7.29148465257146,0.967051734434282
"AACCGCG",4.02024314336851,4.02391060635092,0,1,0,9.42460719105602e-05,20,6.62251655629139e-05,"SRR8482202",1.42311568584946,0.248514467101159
"AACGCGA",4.02069894112181,4.02436250435328,0,1,0,9.42460719105602e-05,18,5.96026490066225e-05,"SRR8482202",1.58123965094384,0.248486561267348
"AACTGTT",4.01720611779587,4.02089967286254,0,1,0,9.42460719105602e-05,26,8.60927152317881e-05,"SRR8482202",1.09470437373035,0.248700559914266
"AAGAGAA",2.77153894796551,3.64483232882564,0.743126932582365,8.57142857142857,0.786795792469443,0.000808247154089434,37,0.000122516556291391,"SRR8482202",6.59704433878403,2.35166608451102
"AAGAGAT",3.10418522651523,3.94314812935856,0.834857294110366,3.42857142857143,0.534522483824849,0.000322705708837288,42,0.000139072847682119,"SRR8482202",2.32040771592526,0.869501047410349
"AAGGATG",3.53935056557975,3.82613961793591,0.29454715787245,2.57142857142857,0.534522483824849,0.000242770722626073,26,8.60927152317881e-05,"SRR8482202",2.81987531665669,0.672068671873448
"AAGGCGA",3.76594275904567,4.0256335110607,0.359190361829163,1.28571428571429,0.487950036474267,0.000120891067314298,16,5.29801324503311e-05,"SRR8482202",2.28181889555738,0.319381851870445
"AAGGGAA",3.00259073877048,3.71079409993033,0.592762156123895,5.85714285714286,1.67616341969505,0.000553142521758968,24,7.94701986754967e-05,"SRR8482202",6.96037673213368,1.57840685831985
"AATATGC",4.0211128878847,4.02477291307963,0,1,0,9.42460719105602e-05,60,0.000198675496688742,"SRR8482202",0.474371895283153,0.248461222930173
"ACAAAGA",3.16046172062612,3.68457608738846,0.421429252076923,5.42857142857143,1.71824938596845,0.000509379083260647,15,4.96688741721854e-05,"SRR8482202",10.2554988763144,1.47332319914693
"ACAAGAG",3.67564215675343,4.01017270328678,0.339197945792224,1.85714285714286,0.377964473009227,0.000175169646119251,33,0.000109271523178808,"SRR8482202",1.60306767054587,0.463107949346103
"ACACATG",3.35450580838322,3.84029433161144,0.38748495612221,3.42857142857143,0.534522483824849,0.000322864115434479,59,0.000195364238410596,"SRR8482202",1.6526264891731,0.892788711622725
"ACAGCAG",3.4313840411624,3.83676704739421,0.190174529623996,3.71428571428571,0.951189731211342,0.000348520522840741,37,0.000122516556291391,"SRR8482202",2.84468102426767,0.968076943010737
"ACATGAT",3.31336994615636,3.89192753422068,0.542736445174871,3,0,0.00028273821573168,9,2.98013245033113e-05,"SRR8482202",9.48743790566306,0.770826274030491
"ACCACAC",2.74013536341547,4.01106269472973,1.64725779785292,2.57142857142857,0.534522483824849,0.000241782134628597,5,1.65562913907285e-05,"SRR8482202",14.6036409315673,0.641084113396496
"ACCGCGT",4.02020168347129,4.02386950138833,0,1,0,9.42460719105602e-05,8,2.64900662251656e-05,"SRR8482202",3.55778921462365,0.248517005746577
"ACGCAGA",3.79309576234741,4.01034236613957,0.0541507243363133,1.71428571428571,0.487950036474267,0.000160858560419906,33,0.000109271523178808,"SRR8482202",1.47209955293368,0.427466175646225
"ACGCCTT",4.0214851028241,4.02514194962519,0,1,0,9.42460719105602e-05,10,3.3112582781457e-05,"SRR8482202",2.84623137169892,0.248438443293439
"ACGCGAG",4.0206575247301,4.02432144214156,0,1,0,9.42460719105602e-05,7,2.31788079470199e-05,"SRR8482202",4.06604481671274,0.248489096702932
"ACTGTGC",3.83565732526086,4.0234170898411,0.107789907628731,1.57142857142857,0.786795792469443,0.000149354832115798,10,3.3112582781457e-05,"SRR8482202",4.51051592989709,0.39057063593937
"ACTGTTC",3.76062575147124,4.02085828191832,0.306326850303083,1.57142857142857,0.534522483824849,0.000148524650715513,27,8.94039735099338e-05,"SRR8482202",1.66127572281796,0.390819188653139
"ACTTGGA",3.53299159505987,4.00026049854739,0.562788233519511,2,0.577350269189626,0.000187661962420835,23,7.6158940397351e-05,"SRR8482202",2.46408315874314,0.499967439802047
"AGAAACC",3.38423998806057,3.98227123303957,0.515911877055893,2.85714285714286,0.377964473009227,0.000269415718029811,8,2.64900662251656e-05,"SRR8482202",10.1704433556254,0.717465659656254
"AGAAAGG",3.20113836675868,3.82321331328267,0.272332069792956,5.71428571428571,1.70433620649269,0.000538831436059623,12,3.97350993377483e-05,"SRR8482202",13.5605911408338,1.49462905834552
"AGAACCA",3.46009699088238,3.91376088641232,0.269984347814887,3.14285714285714,0.690065559342354,0.000295388938630456,17,5.62913907284768e-05,"SRR8482202",5.24749761567045,0.8030273780313
"AGACAAG",4.00647023432748,4.0102575429983,0,1,0,9.42460719105602e-05,13,4.3046357615894e-05,"SRR8482202",2.1894087474607,0.24936054337606
"AGACGCA",3.92270150031384,4.01431048096331,0.0303700364345222,1.28571428571429,0.487950036474267,0.000120891067314298,17,5.62913907284768e-05,"SRR8482202",2.14759425464224,0.320282721481412
"AGAGAAA",2.97201143972268,3.63658818372984,0.488668955119022,7.14285714285714,1.3451854182691,0.000671543044872412,20,6.62251655629139e-05,"SRR8482202",10.1402999775734,1.96416442609983
"AGAGATT",3.19912562709675,4.01573687447745,0.918774440597529,2.85714285714286,0.377964473009227,0.000269415718029811,19,6.29139072847682e-05,"SRR8482202",4.28229193921068,0.711486570572342
"AGATGGG",3.3338605743793,3.71070956572434,0.320339612112722,4,1,0.000376154106241956,11,3.64238410596026e-05,"SRR8482202",10.3271400077337,1.07796094767099
"AGATTCT",3.31839588256902,4.02255208418501,0.962478745175579,1.85714285714286,0.377964473009227,0.00017501123952206,14,4.63576158940397e-05,"SRR8482202",3.77524245254729,0.461682737296147
"AGATTGG",3.92051307456058,4.01565309853547,0.0521078161531788,1.28571428571429,0.487950036474267,0.000120891067314298,17,5.62913907284768e-05,"SRR8482202",2.14759425464224,0.320175636232919
"AGCAGGG",3.22874484370932,3.99343623049761,0.93926370637545,2.28571428571429,0.487950036474267,0.000215137139224859,7,2.31788079470199e-05,"SRR8482202",9.28163086370104,0.572367793996167
"AGGAAAG",2.78408621981024,3.81237851115419,0.696149935998388,7.71428571428571,1.38013111868471,0.000729142349278504,14,4.63576158940397e-05,"SRR8482202",15.7286421058649,2.02348368392996
"AGGACCA",3.30034766058734,3.69983772586725,0.298151853779953,4.57142857142857,1.39727626201154,0.000430115871852526,15,4.96688741721854e-05,"SRR8482202",8.65966621996419,1.2355754252322
"AGGAGAC",2.9596987619014,3.89298455071072,0.694166647501011,5.14285714285714,1.0690449676497,0.0004828924944541,8,2.64900662251656e-05,"SRR8482202",18.2291916656423,1.32105768103247
"AGGATGC",4.01157540368557,4.01531783306912,0,1,0,9.42460719105602e-05,14,4.63576158940397e-05,"SRR8482202",2.03302240835637,0.249046287634881
"AGGGATA",4.01490383241886,4.01861729251944,0,1,0,9.42460719105602e-05,5,1.65562913907285e-05,"SRR8482202",5.69246274339783,0.24884180980893
"ATATGCT",3.88410387982539,4.02473188965525,0.0775062551559592,1.42857142857143,0.534522483824849,0.000134213565016168,7,2.31788079470199e-05,"SRR8482202",5.79035666212609,0.354948222077421
"ATCAAAA",3.83956729686175,4.01757586839107,0.181722267382871,1.42857142857143,0.534522483824849,0.000135202153013644,25,8.27814569536424e-05,"SRR8482202",1.63324200840482,0.355580448352188
"ATCTTGA",3.44903137542436,3.93033763573773,0.541564552093493,2.42857142857143,0.534522483824849,0.000229448224924204,30,9.93377483443709e-05,"SRR8482202",2.30977879757032,0.61790402088842
"ATGCTGA",3.00829128672532,4.01519204176283,0.928713114652066,3.28571428571429,1.11269728052837,0.00031120198053318,31,0.000102649006622517,"SRR8482202",3.03170961680711,0.818320581316883
"ATGGCCC",3.70399018777105,3.99852088283504,0.292865819187127,1.85714285714286,0.377964473009227,0.000174339464718966,11,3.64238410596026e-05,"SRR8482202",4.78641075864798,0.464457461036468
"ATGGCGT",3.23143766156158,4.00216606175651,0.994209590952585,2,0.577350269189626,0.000187661962420835,20,6.62251655629139e-05,"SRR8482202",2.83369563255461,0.499729388820568
"ATGGGGA",3.47215484486383,3.97712890058068,0.70834986942882,2,0,0.00018849214382112,10,3.3112582781457e-05,"SRR8482202",5.69246274339783,0.502875327905009
"ATTCTCA",3.9729696794745,4.02246961276777,0.0266347057547187,1.14285714285714,0.377964473009227,0.000107726976209621,9,2.98013245033113e-05,"SRR8482202",3.61483853503393,0.284118278788132
"ATTGGAA",3.86570620458941,4.01556930642988,0.057828066705348,1.57142857142857,0.975900072948533,0.000149513238712989,18,5.96026490066225e-05,"SRR8482202",2.50849989396237,0.391333943337086
"CAAAGAG",3.24540422187359,3.92813970687512,0.445082012990898,4,0.577350269189626,0.000376984287642241,22,7.28476821192053e-05,"SRR8482202",5.17496613036167,1.01829372132542
"CAACAGC",3.21595986175355,3.65657729139611,0.466205415728589,4.42857142857143,0.786795792469443,0.000418770550145609,38,0.000125827814569536,"SRR8482202",3.32812384589405,1.21112479667579
"CAAGAGA",3.61236446323572,4.00620924053766,0.351358093550724,2,0.577350269189626,0.000188333737223929,37,0.000122516556291391,"SRR8482202",1.53721050382775,0.499225047898793
"CAATATG",3.45400085932956,3.9451730461739,0.465895449801406,2.71428571428571,0.755928946018455,0.000256251626925133,83,0.000274834437086093,"SRR8482202",0.932385437727594,0.688001687763247
"CACACAT",3.46858591757373,3.97767788767399,0.448240576122843,2.57142857142857,0.534522483824849,0.000242770722626073,15,4.96688741721854e-05,"SRR8482202",4.88778388220494,0.646464757590578
"CACATGA",3.54318649247322,3.97767788767399,0.542773062689259,2,0,0.00018849214382112,63,0.000208609271523179,"SRR8482202",0.903565514825053,0.50280592257045
"CACTTGG",4.01858165151107,4.02226336568126,0,1,0,9.42460719105602e-05,21,6.95364238410596e-05,"SRR8482202",1.35534827223758,0.24861624142571
"CAGCAGG",3.8062609467089,4.0187836888747,0.0758092900046703,1.71428571428571,0.755928946018455,0.000162677329817667,25,8.27814569536424e-05,"SRR8482202",1.96514214419742,0.426568297027634
"CAGGGAT",4.01494580130983,4.01865889758552,0,1,0,9.42460719105602e-05,12,3.97350993377483e-05,"SRR8482202",2.37185947641576,0.248839233556453
"CATGGCC",3.24688366658386,4.0076197745174,1.07045386538208,2,0,0.00018849214382112,13,4.3046357615894e-05,"SRR8482202",4.37881749492141,0.499049339140672
"CCAACAG",3.18232838320477,3.82210266864692,0.88807744194475,3,0,0.00028273821573168,31,0.000102649006622517,"SRR8482202",2.75441745648282,0.784908271724172
"CCACACA",3.46928995114044,3.88896534430034,0.310206235812035,3,0.816496580927726,0.00028273821573168,10,3.3112582781457e-05,"SRR8482202",8.53869411509675,0.771413405469605
"CCACACG",4.00796545333906,4.01173956138832,0,1,0,9.42460719105602e-05,13,4.3046357615894e-05,"SRR8482202",2.1894087474607,0.249268424507082
"CCCTGGT",4.01670484122641,4.02040272098388,0,1,0,9.42460719105602e-05,12,3.97350993377483e-05,"SRR8482202",2.37185947641576,0.24873130116559
"CCGCGTG",4.02016021961449,4.02382839253489,0,1,0,9.42460719105602e-05,5,1.65562913907285e-05,"SRR8482202",5.69246274339783,0.248519544684169
"CCTAACA",3.50069013485125,3.88144172194139,0.306855997010896,2.85714285714286,0.899735410842437,0.000270245899430096,1,3.3112582781457e-06,"SRR8482202",81.614261627889,0.736103505301064
"CCTGGTG",4.01666304204205,4.02036128264771,0,1,0,9.42460719105602e-05,23,7.6158940397351e-05,"SRR8482202",1.23749190073866,0.24873386486834
"CCTTCGT",3.96879316870151,4.01986371396784,0.0332949508655896,1.14285714285714,0.377964473009227,0.000107568569612429,14,4.63576158940397e-05,"SRR8482202",2.32040771592526,0.2843024600277
"CCTTTCA",3.93206650372784,4.02501897228276,0.0404585252058611,1.28571428571429,0.487950036474267,0.000121879655311775,15,4.96688741721854e-05,"SRR8482202",2.45384372694373,0.319430615002816
"CGAGAGA",3.7471503237564,4.02419823220687,0.199435851033436,1.85714285714286,0.690065559342354,0.000175169646119251,18,5.96026490066225e-05,"SRR8482202",2.93895739600077,0.46149388026653
"CGCCTTT",4.02144376136355,4.02510096104681,0,1,0,9.42460719105602e-05,24,7.94701986754967e-05,"SRR8482202",1.18592973820788,0.248440973202304
"CGCGAGA",4.02061610438712,4.02428037604708,0,1,0,9.42460719105602e-05,12,3.97350993377483e-05,"SRR8482202",2.37185947641576,0.248491632430012
"CGCGTGT",4.02011875179734,4.02378727978985,0,1,0,9.42460719105602e-05,4,1.32450331125828e-05,"SRR8482202",7.11557842924729,0.248522083913995
"CGTTCCA",3.45650350571545,4.00834462925269,0.726211053761301,1.85714285714286,0.690065559342354,0.000174181058121775,37,0.000122516556291391,"SRR8482202",1.42169404196692,0.463319157636678
"CGTTTCC",3.74297523487927,4.01586250809731,0.150221299689203,1.85714285714286,0.377964473009227,0.00017501123952206,25,8.27814569536424e-05,"SRR8482202",2.11413577342648,0.462451802918611
"CTAACAA",3.14423636311342,3.88144172194139,0.522281875694803,4.42857142857143,0.786795792469443,0.000417781962148133,9,2.98013245033113e-05,"SRR8482202",14.0189058409707,1.14096043321665
"CTCACTT",4.01866487728964,4.02234587626988,0,1,0,9.42460719105602e-05,20,6.62251655629139e-05,"SRR8482202",1.42311568584946,0.248611141547914
"CTGAAAC",3.10000226963098,3.99847730303651,0.96129542504866,2.57142857142857,0.534522483824849,0.000241782134628597,13,4.3046357615894e-05,"SRR8482202",5.61678497367971,0.643101955205745
"CTGGTGG",3.97177353911004,4.02031984035731,0.0214947864297507,1.14285714285714,0.377964473009227,0.000107568569612429,48,0.000158940397350993,"SRR8482202",0.676785583811534,0.284270204421241
"CTGTGCA",3.56262021065594,3.97506399609524,0.443194362575546,2.14285714285714,0.377964473009227,0.000201814641522989,18,5.96026490066225e-05,"SRR8482202",3.3860012077746,0.539074879036439
"CTGTTCA",3.61308751677533,4.02081688702891,0.406884735147108,2,0.816496580927726,0.000189480731818596,16,5.29801324503311e-05,"SRR8482202",3.57644881307601,0.497411360972933
"CTTCGTT",4.01611928611727,4.01982222416777,0,1,0,9.42460719105602e-05,23,7.6158940397351e-05,"SRR8482202",1.23749190073866,0.248767220099399
"CTTGGAA",3.35364699566853,3.90096762391912,0.432266948906619,3.28571428571429,0.755928946018455,0.000308711436332325,32,0.000105960264900662,"SRR8482202",2.91346418038632,0.842281865034624
"CTTTCAA",3.61749832580402,4.02497797209563,0.425368174441314,2,0.577350269189626,0.000189322325221405,20,6.62251655629139e-05,"SRR8482202",2.85876711084322,0.496897129342223
"GAAACCG",4.02032605128724,4.02399280460647,0,1,0,9.42460719105602e-05,17,5.62913907284768e-05,"SRR8482202",1.67425374805819,0.248509390686596
"GAAACGC",3.81849386816582,4.02444461713135,0.173549577721741,1.57142857142857,0.534522483824849,0.000148366244118322,20,6.62251655629139e-05,"SRR8482202",2.24033028618666,0.390470914853512
"GAAAGAG",3.31126695947404,3.74044164494977,0.318635141786409,4.28571428571429,1.38013111868471,0.000404301057849073,36,0.000119205298013245,"SRR8482202",3.39163665195611,1.14577760931005
"GAAAGGG",3.2766401198659,3.97593704248311,0.556459480443171,3.57142857142857,1.13389341902768,0.000337016794536633,13,4.3046357615894e-05,"SRR8482202",7.82915938077409,0.898260846001246
"GAACCAC",3.86087990461948,4.0111473607758,0.119699412134142,1.42857142857143,0.786795792469443,0.00013453037821055,26,8.60927152317881e-05,"SRR8482202",1.5626220853687,0.356150323107334
"GAAGGAT",3.96790222705777,4.01540167370295,0.0137020369704397,1.14285714285714,0.377964473009227,0.000107568569612429,21,6.95364238410596e-05,"SRR8482202",1.54693847728351,0.284618385837155
"GAATGCT",3.8104160470579,4.02201573981772,0.259802432165705,1.42857142857143,0.534522483824849,0.000134213565016168,12,3.97350993377483e-05,"SRR8482202",3.37770805290688,0.355187925902093
"GACAAAG",3.30438815697561,4.02284061087653,0.74162996411327,2.28571428571429,1.11269728052837,0.000214148551227382,21,6.95364238410596e-05,"SRR8482202",3.07966011765093,0.568184153141543
"GACAAGA",4.00642743802543,4.01021512521423,0,1,0,9.42460719105602e-05,19,6.29139072847682e-05,"SRR8482202",1.49801651142048,0.249363180970642
"GACGCAG",4.01051676592609,4.01426845720964,0,1,0,9.42460719105602e-05,32,0.000105960264900662,"SRR8482202",0.889447303655912,0.24911139119358
"GAGAAAC",2.86186234184289,3.87846434534147,1.06094532623997,3.71428571428571,0.487950036474267,0.000350339292238502,27,8.94039735099338e-05,"SRR8482202",3.91860986133436,0.957669165825141
"GAGAAAG",3.21536665979143,3.71591981743358,0.313346603177063,5.14285714285714,1.21498579258791,0.000483564269257194,13,4.3046357615894e-05,"SRR8482202",11.2335699473594,1.38400648978725
"GAGAACC",3.37109824474404,3.91333692593262,0.502448362303742,2.85714285714286,0.377964473009227,0.000269415718029811,14,4.63576158940397e-05,"SRR8482202",5.81168191750021,0.730103978067757
"GAGACGC",3.7490028900438,4.01435250065101,0.186102666129347,1.85714285714286,0.899735410842437,0.000175169646119251,16,5.29801324503311e-05,"SRR8482202",3.30632707050087,0.462625755172642
"GAGAGAA",2.88669590711415,3.88178395559338,0.681158238491407,5.42857142857143,0.786795792469443,0.000510367671258123,11,3.64238410596026e-05,"SRR8482202",14.0119124290867,1.39847335417759
"GAGATTC",3.96885504652387,4.02259331402146,0.0426406252426154,1.14285714285714,0.377964473009227,0.000108398751012714,13,4.3046357615894e-05,"SRR8482202",2.51818636967998,0.284109541691304
"GAGATTG",3.51510174353789,3.74671202251666,0.350767251676565,2.42857142857143,0.534522483824849,0.000228459636926728,21,6.95364238410596e-05,"SRR8482202",3.28546715961294,0.648187374416932
"GAGGACC",3.5049435968401,3.88468210420602,0.255562163528381,3,0.816496580927726,0.000281749627734204,18,5.96026490066225e-05,"SRR8482202",4.7271326430961,0.772263963826497
"GATGGGG",3.45997552298138,3.97717467602019,0.623609633381575,2.28571428571429,0.487950036474267,0.000216125727222335,6,1.98675496688742e-05,"SRR8482202",10.8783282701908,0.574708045763159
"GATTCTC",3.97300992201985,4.02251085043403,0.026641197855004,1.14285714285714,0.377964473009227,0.000107726976209621,13,4.3046357615894e-05,"SRR8482202",2.50258052425426,0.284115366086291
"GATTGGA",3.35585757420723,3.95085145888855,0.478460607460177,3,0,0.00028273821573168,20,6.62251655629139e-05,"SRR8482202",4.26934705754837,0.759329990311496
"GCAGGGA",3.55497749557396,4.01870049866624,0.650552763471289,1.42857142857143,0.534522483824849,0.000135202153013644,12,3.97350993377483e-05,"SRR8482202",3.40258751751003,0.355480939434415
"GCCCTGG",3.89267533967882,4.02044415536657,0.144570712132854,1.28571428571429,0.487950036474267,0.000120891067314298,21,6.95364238410596e-05,"SRR8482202",1.73852868232943,0.319794091406067
"GCCTTTC",3.84998544826838,4.02505996859958,0.229534085276807,1.28571428571429,0.487950036474267,0.000121879655311775,13,4.3046357615894e-05,"SRR8482202",2.83135814647353,0.319427361516211
"GCGAGAG",4.02057468009211,4.02423930606909,0,1,0,9.42460719105602e-05,15,4.96688741721854e-05,"SRR8482202",1.89748758113261,0.248494168448647
"GCGTGTC",4.02007728001911,4.02374616315248,0,1,0,9.42460719105602e-05,9,2.98013245033113e-05,"SRR8482202",3.16247930188769,0.24852462343612
"GCGTTCC",3.88403552605938,4.01228873983461,0.17604694045262,1.14285714285714,0.377964473009227,0.000107568569612429,35,0.000115894039735099,"SRR8482202",0.928163086370104,0.284839206986946
"GCTGAAA",3.50479614801719,3.74170298395774,0.272168219344315,2.85714285714286,0.377964473009227,0.000269415718029811,11,3.64238410596026e-05,"SRR8482202",7.39668607681846,0.763594242886898
"GGAAAGA",2.6737886994867,3.65108408924301,0.731142921092917,8.85714285714286,0.899735410842437,0.000835563924296266,42,0.000139072847682119,"SRR8482202",6.00810250327315,2.42589396481943
"GGAAGGA",3.05157268467436,3.64601140959124,0.440406686486954,6.42857142857143,1.71824938596845,0.000607421100563921,27,8.94039735099338e-05,"SRR8482202",6.79411749519645,1.76317918579749
"GGAATGC",3.69616591985868,4.02205702060116,0.177647181481235,2.14285714285714,0.899735410842437,0.000201814641522989,19,6.29139072847682e-05,"SRR8482202",3.20779061789173,0.532776420593077
"GGAGAAC",3.07209306870206,3.93227077589949,0.723253289155831,3.57142857142857,0.534522483824849,0.000336028206539157,18,5.96026490066225e-05,"SRR8482202",5.63780657637919,0.908235667115681
"GGAGACG",3.67140126978892,4.01439451627354,0.452835512437698,1.57142857142857,0.534522483824849,0.000148524650715513,18,5.96026490066225e-05,"SRR8482202",2.49191358422694,0.391448465032104
"GGATGCT",3.58112100768277,4.01140125992474,0.146192133041721,2.71428571428571,0.951189731211342,0.000254946225733275,8,2.64900662251656e-05,"SRR8482202",9.62422002143112,0.676642783508682
"GGCCCTG",4.0167884275242,4.02048558579655,0,1,0,9.42460719105602e-05,16,5.29801324503311e-05,"SRR8482202",1.77889460731182,0.248726174652328
"GGCGTTC",3.88407510123143,4.01233095558015,0.176051204886898,1.14285714285714,0.377964473009227,0.000107568569612429,22,7.28476821192053e-05,"SRR8482202",1.47662309195244,0.284836210050847
"GGGGAAC",3.41696616583858,3.75166394626099,0.29280026585712,3.42857142857143,0.534522483824849,0.000323694296834764,11,3.64238410596026e-05,"SRR8482202",8.88687978582716,0.913880208270903
"GTTCATG",4.0170390899059,4.02073408541152,0,1,0,9.42460719105602e-05,78,0.000258278145695364,"SRR8482202",0.364901457910118,0.248710802245867
"GTTCCAT",3.32719633562281,3.96880971391286,0.616271679227074,2.71428571428571,0.487950036474267,0.000255104632330466,24,7.94701986754967e-05,"SRR8482202",3.2100666234917,0.683904220645966
"GTTTCCT",3.79033180182912,4.01582063426207,0.115332784835427,1.71428571428571,0.487950036474267,0.000160858560419906,18,5.96026490066225e-05,"SRR8482202",2.69884918037842,0.426883038465368
"TAACAAT",3.63754732018025,3.80379840798967,0.186510690957247,2.28571428571429,0.487950036474267,0.000215137139224859,9,2.98013245033113e-05,"SRR8482202",7.21904622732303,0.600903108038866
"TAACCAC",3.79323568979884,4.01186635652772,0.212201139263628,1.57142857142857,0.534522483824849,0.000147536062718037,4,1.32450331125828e-05,"SRR8482202",11.1389727352118,0.391695144299035
"TATGCTG",3.72445035336809,4.02089967286254,0.262215165841958,1.71428571428571,0.487950036474267,0.000160858560419906,16,5.29801324503311e-05,"SRR8482202",3.03620532792572,0.426343816995884
"TCAATAT",4.02119562989733,4.02485494830502,0,1,0,9.42460719105602e-05,45,0.000149006622516556,"SRR8482202",0.632495860377537,0.248456158754523
"TCACTTG",4.0186232663946,4.02230462293507,0,1,0,9.42460719105602e-05,12,3.97350993377483e-05,"SRR8482202",2.37185947641576,0.248613691339544
"TCATGGC",3.14946242404389,3.65485009056139,0.567055858074683,4.57142857142857,0.534522483824849,0.000431262866447193,33,0.000109271523178808,"SRR8482202",3.94670865657734,1.25078415205981
"TCCTAAC",3.92597343660942,4.01953168453126,0.0438106020386169,1.28571428571429,0.487950036474267,0.000121879655311775,7,2.31788079470199e-05,"SRR8482202",5.25823655773656,0.319866687619909
"TCCTTCG",3.96883344015625,4.01990519980461,0.0333011033608802,1.14285714285714,0.377964473009227,0.000107568569612429,20,6.62251655629139e-05,"SRR8482202",1.62428540114768,0.284299525996954
"TCGTTTC",4.01603557088076,4.01973923267471,0,1,0,9.42460719105602e-05,35,0.000115894039735099,"SRR8482202",0.813208963342548,0.248772356144756
"TCTCACT",3.44097897344157,4.02238712568644,0.483602450012114,2.71428571428571,1.38013111868471,0.000255263038927657,12,3.97350993377483e-05,"SRR8482202",6.42411981301271,0.674794749852057
"TCTTGAA",3.23784994059295,3.93033763573773,0.768953712624107,2.71428571428571,0.487950036474267,0.000256093220327942,33,0.000109271523178808,"SRR8482202",2.34364098603147,0.690598611581175
"TGAAACG",3.96578164356055,4.02448566769917,0.056439146823951,1.14285714285714,0.377964473009227,0.000107568569612429,13,4.3046357615894e-05,"SRR8482202",2.49890061715028,0.283975950524511
"TGACAAA",3.44205975300746,3.95640857119583,0.560258173071252,2.42857142857143,0.534522483824849,0.000229448224924204,11,3.64238410596026e-05,"SRR8482202",6.29939672064632,0.613832314046723
"TGAGAGG",3.26795952443617,3.86758532654704,0.508164243092183,3.85714285714286,0.899735410842437,0.000362673201942895,7,2.31788079470199e-05,"SRR8482202",15.6467581409649,0.997300002838334
"TGCTGAA",3.2258498818162,4.01515010322947,0.920846115462941,2.42857142857143,0.534522483824849,0.000228459636926728,32,0.000105960264900662,"SRR8482202",2.15608782349599,0.604851964716855
"TGGAAGG",2.94955462802219,3.64865269513122,0.525189155825218,6.85714285714286,1.3451854182691,0.000646558412269243,16,5.29801324503311e-05,"SRR8482202",12.203790031582,1.87936299508393
"TGGAATG",3.22395351413929,4.01828430842653,0.807496020545807,2.85714285714286,1.3451854182691,0.000267438542034859,22,7.28476821192053e-05,"SRR8482202",3.6712018042967,0.711035516115994
"TGGCCCT",4.01683021463918,4.02052701227456,0,1,0,9.42460719105602e-05,15,4.96688741721854e-05,"SRR8482202",1.89748758113261,0.248723611841688
"TGGCGTT",3.74659510287088,4.01237316722249,0.256245003758558,1.57142857142857,0.534522483824849,0.000147536062718037,20,6.62251655629139e-05,"SRR8482202",2.22779454704235,0.391645668520002
"TGGGGAA",3.16600100418108,3.97285055584723,0.557868527059716,4.14285714285714,1.21498579258791,0.000389159790749442,18,5.96026490066225e-05,"SRR8482202",6.52923648924065,1.04279209213135
"TGGTGGC",3.67551425929677,3.8169700377573,0.158307585822223,2.14285714285714,0.377964473009227,0.000201814641522989,40,0.000132450331125828,"SRR8482202",1.52370054349857,0.561402662756085
"TGTTCAT",4.01708085290302,4.02077548819356,0,1,0,9.42460719105602e-05,77,0.000254966887417219,"SRR8482202",0.369640437882976,0.248708241217735
"TTCAATA",3.70604494994462,3.81710240425692,0.157058958091087,2,0,0.00018849214382112,18,5.96026490066225e-05,"SRR8482202",3.16247930188769,0.52395764854764
"TTCATGG",3.57985908763826,3.92603359667884,0.432917370142744,2.14285714285714,0.377964473009227,0.000201814641522989,17,5.62913907284768e-05,"SRR8482202",3.5851777494084,0.545807133354603
"TTCCTAA",3.92601291845296,4.01957320209564,0.0438244987239068,1.28571428571429,0.487950036474267,0.000121879655311775,10,3.3112582781457e-05,"SRR8482202",3.68076559041559,0.319863383765214
"TTCCTTC",3.84061578946613,4.01994668167884,0.0596901915460116,1.57142857142857,0.534522483824849,0.000148524650715513,50,0.000165562913907285,"SRR8482202",0.897088890321698,0.39090781442213
"TTCGTTT",4.01607743051679,4.01978073040365,0,1,0,9.42460719105602e-05,32,0.000105960264900662,"SRR8482202",0.889447303655912,0.248769787972884
"TTCTCAC",3.66342798016649,4.02242837118549,0.243494328382657,2.14285714285714,0.899735410842437,0.000201814641522989,18,5.96026490066225e-05,"SRR8482202",3.3860012077746,0.532727234674312
"TTGAGAG",3.73068813698041,4.01258416391415,0.10548691747416,2,0.816496580927726,0.000187503555823644,7,2.31788079470199e-05,"SRR8482202",8.08943912267722,0.498431912777391
"TTGGAAG",3.61531039197116,4.01552740431379,0.220013994339324,2.42857142857143,0.786795792469443,0.000228618043523919,22,7.28476821192053e-05,"SRR8482202",3.13830223382834,0.604795132505501
"TTGGAAT",3.49881911545817,4.00017368305847,0.411271039619054,2.57142857142857,0.786795792469443,0.000241110359825503,17,5.62913907284768e-05,"SRR8482202",4.28325462748835,0.642829230720427
"TTTCAAT",4.021278356144,4.02493696803744,0,1,0,9.42460719105602e-05,30,9.93377483443709e-05,"SRR8482202",0.948743790566306,0.248451095741656
"TTTCCTA",3.88092633657625,4.01961471569142,0.0669162380588323,1.42857142857143,0.534522483824849,0.000135202153013644,9,2.98013245033113e-05,"SRR8482202",4.53678335668004,0.355400089216187
"AAAAAGG",3.60364901008083,3.76170236754141,0.227743401880325,2.28571428571429,0.487950036474267,0.000215137139224859,239,7.91390728476821e-05,"SRR8482203",2.71846929062374,0.60762762770309
"AAAAGGC",3.58264777684189,3.94743372188705,0.515885230845959,2,0,0.00018849214382112,168,5.56291390728477e-05,"SRR8482203",3.38837068059395,0.506658285080442
"AAACCGC",4.02028459930691,4.02395170742339,0,1,0,9.42460719105602e-05,143,4.73509933774834e-05,"SRR8482203",1.99037158860064,0.248511928747852
"AAACGCG",4.020740353563,4.02440356268297,0,1,0,9.42460719105602e-05,78,2.58278145695364e-05,"SRR8482203",3.64901457910118,0.248484026123197
"AAACTGT",4.01724786472989,4.02094105986232,0,1,0,9.42460719105602e-05,181,5.99337748344371e-05,"SRR8482203",1.57250352027564,0.248698000073207
"AAAGAGA",2.96424416121211,3.71591981743358,0.540440681820247,6.71428571428571,1.11269728052837,0.000633749282773276,476,0.000157615894039735,"SRR8482203",4.02084628986406,1.80689736166669
"AAAGGCG",4.02202218388682,4.02567444941034,0,1,0,9.42460719105602e-05,191,6.32450331125828e-05,"SRR8482203",1.49017349303608,0.248405580870175
"AAAGGGA",2.93296357717133,3.71087861768517,0.709585369192194,5.14285714285714,0.899735410842437,0.00048455285725467,114,3.77483443708609e-05,"SRR8482203",12.8364002535886,1.38588665184237
"AACAATC",3.46485803358561,4.0177426641615,0.679373563898697,1.85714285714286,0.899735410842437,0.000174181058121775,198,6.55629139072848e-05,"SRR8482203",2.65670098751394,0.462235392452752
"AACAGCA",2.91378086386005,3.95511023097055,0.794544165644865,4.71428571428571,0.951189731211342,0.000443083407945684,388,0.000128476821192053,"SRR8482203",3.44874198968032,1.1919479961318
"AACCACA",2.82527267299094,3.98855895687862,1.2477033889314,3.85714285714286,1.0690449676497,0.000362159833736993,237,7.8476821192053e-05,"SRR8482203",4.61486370415915,0.967051734434282
"AACCGCG",4.02024314336851,4.02391060635092,0,1,0,9.42460719105602e-05,112,3.70860927152318e-05,"SRR8482203",2.54127801044546,0.248514467101159
"AACGCGA",4.02069894112181,4.02436250435328,0,1,0,9.42460719105602e-05,135,4.47019867549669e-05,"SRR8482203",2.10831953459179,0.248486561267348
"AACTGTT",4.01720611779587,4.02089967286254,0,1,0,9.42460719105602e-05,188,6.22516556291391e-05,"SRR8482203",1.51395285728666,0.248700559914266
"AAGAGAA",2.77153894796551,3.64483232882564,0.743126932582365,8.57142857142857,0.786795792469443,0.000808247154089434,435,0.000144039735099338,"SRR8482203",5.61127909275883,2.35166608451102
"AAGAGAT",3.10418522651523,3.94314812935856,0.834857294110366,3.42857142857143,0.534522483824849,0.000322705708837288,359,0.00011887417218543,"SRR8482203",2.71468312169529,0.869501047410349
"AAGGATG",3.53935056557975,3.82613961793591,0.29454715787245,2.57142857142857,0.534522483824849,0.000242770722626073,294,9.73509933774834e-05,"SRR8482203",2.49376728683925,0.672068671873448
"AAGGCGA",3.76594275904567,4.0256335110607,0.359190361829163,1.28571428571429,0.487950036474267,0.000120891067314298,159,5.26490066225166e-05,"SRR8482203",2.29616995779359,0.319381851870445
"AAGGGAA",3.00259073877048,3.71079409993033,0.592762156123895,5.85714285714286,1.67616341969505,0.000553142521758968,254,8.41059602649007e-05,"SRR8482203",6.57673392012631,1.57840685831985
"AATATGC",4.0211128878847,4.02477291307963,0,1,0,9.42460719105602e-05,485,0.000160596026490066,"SRR8482203",0.586851829216271,0.248461222930173
"ACAAAGA",3.16046172062612,3.68457608738846,0.421429252076923,5.42857142857143,1.71824938596845,0.000509379083260647,155,5.13245033112583e-05,"SRR8482203",9.92467633191713,1.47332319914693
"ACAAGAG",3.67564215675343,4.01017270328678,0.339197945792224,1.85714285714286,0.377964473009227,0.000175169646119251,327,0.000108278145695364,"SRR8482203",1.61777471339492,0.463107949346103
"ACACATG",3.35450580838322,3.84029433161144,0.38748495612221,3.42857142857143,0.534522483824849,0.000322864115434479,538,0.000178145695364238,"SRR8482203",1.81235990448351,0.892788711622725
"ACAGCAG",3.4313840411624,3.83676704739421,0.190174529623996,3.71428571428571,0.951189731211342,0.000348520522840741,389,0.000128807947019868,"SRR8482203",2.70573773516462,0.968076943010737
"ACATGAT",3.31336994615636,3.89192753422068,0.542736445174871,3,0,0.00028273821573168,172,5.6953642384106e-05,"SRR8482203",4.9643570436609,0.770826274030491
"ACCACAC",2.74013536341547,4.01106269472973,1.64725779785292,2.57142857142857,0.534522483824849,0.000241782134628597,128,4.23841059602649e-05,"SRR8482203",5.70454723889346,0.641084113396496
"ACCGCGT",4.02020168347129,4.02386950138833,0,1,0,9.42460719105602e-05,75,2.48344370860927e-05,"SRR8482203",3.79497516226522,0.248517005746577
"ACGCAGA",3.79309576234741,4.01034236613957,0.0541507243363133,1.71428571428571,0.487950036474267,0.000160858560419906,257,8.50993377483444e-05,"SRR8482203",1.89024456213275,0.427466175646225
"ACGCCTT",4.0214851028241,4.02514194962519,0,1,0,9.42460719105602e-05,113,3.74172185430464e-05,"SRR8482203",2.51878882451232,0.248438443293439
"ACGCGAG",4.0206575247301,4.02432144214156,0,1,0,9.42460719105602e-05,110,3.64238410596026e-05,"SRR8482203",2.58748306518083,0.248489096702932
"ACTGTGC",3.83565732526086,4.0234170898411,0.107789907628731,1.57142857142857,0.786795792469443,0.000149354832115798,97,3.21192052980132e-05,"SRR8482203",4.65001642257432,0.39057063593937
"ACTGTTC",3.76062575147124,4.02085828191832,0.306326850303083,1.57142857142857,0.534522483824849,0.000148524650715513,161,5.33112582781457e-05,"SRR8482203",2.78599034261397,0.390819188653139
"ACTTGGA",3.53299159505987,4.00026049854739,0.562788233519511,2,0.577350269189626,0.000187661962420835,209,6.9205298013245e-05,"SRR8482203",2.71167046177475,0.499967439802047
"AGAAACC",3.38423998806057,3.98227123303957,0.515911877055893,2.85714285714286,0.377964473009227,0.000269415718029811,166,5.49668874172185e-05,"SRR8482203",4.90141848463874,0.717465659656254
"AGAAAGG",3.20113836675868,3.82321331328267,0.272332069792956,5.71428571428571,1.70433620649269,0.000538831436059623,131,4.33774834437086e-05,"SRR8482203",12.4219155488554,1.49462905834552
"AGAACCA",3.46009699088238,3.91376088641232,0.269984347814887,3.14285714285714,0.690065559342354,0.000295388938630456,170,5.62913907284768e-05,"SRR8482203",5.24749761567045,0.8030273780313
"AGACAAG",4.00647023432748,4.0102575429983,0,1,0,9.42460719105602e-05,106,3.50993377483444e-05,"SRR8482203",2.68512393556502,0.24936054337606
"AGACGCA",3.92270150031384,4.01431048096331,0.0303700364345222,1.28571428571429,0.487950036474267,0.000120891067314298,100,3.3112582781457e-05,"SRR8482203",3.65091023289181,0.320282721481412
"AGAGAAA",2.97201143972268,3.63658818372984,0.488668955119022,7.14285714285714,1.3451854182691,0.000671543044872412,231,7.64900662251656e-05,"SRR8482203",8.77948050006356,1.96416442609983
"AGAGATT",3.19912562709675,4.01573687447745,0.918774440597529,2.85714285714286,0.377964473009227,0.000269415718029811,121,4.00662251655629e-05,"SRR8482203",6.72426006983496,0.711486570572342
"AGATGGG",3.3338605743793,3.71070956572434,0.320339612112722,4,1,0.000376154106241956,139,4.60264900662252e-05,"SRR8482203",8.17255684065256,1.07796094767099
"AGATTCT",3.31839588256902,4.02255208418501,0.962478745175579,1.85714285714286,0.377964473009227,0.00017501123952206,125,4.13907284768212e-05,"SRR8482203",4.22827154685297,0.461682737296147
"AGATTGG",3.92051307456058,4.01565309853547,0.0521078161531788,1.28571428571429,0.487950036474267,0.000120891067314298,148,4.90066225165563e-05,"SRR8482203",2.46683123844041,0.320175636232919
"AGCAGGG",3.22874484370932,3.99343623049761,0.93926370637545,2.28571428571429,0.487950036474267,0.000215137139224859,119,3.94039735099338e-05,"SRR8482203",5.45978286100061,0.572367793996167
"AGGAAAG",2.78408621981024,3.81237851115419,0.696149935998388,7.71428571428571,1.38013111868471,0.000729142349278504,163,5.39735099337748e-05,"SRR8482203",13.5092631584115,2.02348368392996
"AGGACCA",3.30034766058734,3.69983772586725,0.298151853779953,4.57142857142857,1.39727626201154,0.000430115871852526,151,5e-05,"SRR8482203",8.60231743705052,1.2355754252322
"AGGAGAC",2.9596987619014,3.89298455071072,0.694166647501011,5.14285714285714,1.0690449676497,0.0004828924944541,146,4.83443708609271e-05,"SRR8482203",9.98859817295467,1.32105768103247
"AGGATGC",4.01157540368557,4.01531783306912,0,1,0,9.42460719105602e-05,215,7.11920529801325e-05,"SRR8482203",1.32382854497624,0.249046287634881
"AGGGATA",4.01490383241886,4.01861729251944,0,1,0,9.42460719105602e-05,80,2.64900662251656e-05,"SRR8482203",3.55778921462365,0.24884180980893
"ATATGCT",3.88410387982539,4.02473188965525,0.0775062551559592,1.42857142857143,0.534522483824849,0.000134213565016168,80,2.64900662251656e-05,"SRR8482203",5.06656207936033,0.354948222077421
"ATCAAAA",3.83956729686175,4.01757586839107,0.181722267382871,1.42857142857143,0.534522483824849,0.000135202153013644,290,9.60264900662252e-05,"SRR8482203",1.40796724862484,0.355580448352188
"ATCTTGA",3.44903137542436,3.93033763573773,0.541564552093493,2.42857142857143,0.534522483824849,0.000229448224924204,221,7.31788079470199e-05,"SRR8482203",3.13544633154342,0.61790402088842
"ATGCTGA",3.00829128672532,4.01519204176283,0.928713114652066,3.28571428571429,1.11269728052837,0.00031120198053318,270,8.94039735099338e-05,"SRR8482203",3.48085178226001,0.818320581316883
"ATGGCCC",3.70399018777105,3.99852088283504,0.292865819187127,1.85714285714286,0.377964473009227,0.000174339464718966,121,4.00662251655629e-05,"SRR8482203",4.3512825078618,0.464457461036468
"ATGGCGT",3.23143766156158,4.00216606175651,0.994209590952585,2,0.577350269189626,0.000187661962420835,227,7.51655629139073e-05,"SRR8482203",2.49664813440935,0.499729388820568
"ATGGGGA",3.47215484486383,3.97712890058068,0.70834986942882,2,0,0.00018849214382112,91,3.01324503311258e-05,"SRR8482203",6.25545356417344,0.502875327905009
"ATTCTCA",3.9729696794745,4.02246961276777,0.0266347057547187,1.14285714285714,0.377964473009227,0.000107726976209621,168,5.56291390728477e-05,"SRR8482203",1.93652064376818,0.284118278788132
"ATTGGAA",3.86570620458941,4.01556930642988,0.057828066705348,1.57142857142857,0.975900072948533,0.000149513238712989,202,6.6887417218543e-05,"SRR8482203",2.23529693521399,0.391333943337086
"CAAAGAG",3.24540422187359,3.92813970687512,0.445082012990898,4,0.577350269189626,0.000376984287642241,150,4.96688741721854e-05,"SRR8482203",7.58995032453044,1.01829372132542
"CAACAGC",3.21595986175355,3.65657729139611,0.466205415728589,4.42857142857143,0.786795792469443,0.000418770550145609,380,0.000125827814569536,"SRR8482203",3.32812384589405,1.21112479667579
"CAAGAGA",3.61236446323572,4.00620924053766,0.351358093550724,2,0.577350269189626,0.000188333737223929,293,9.70198675496689e-05,"SRR8482203",1.94118732565278,0.499225047898793
"CAATATG",3.45400085932956,3.9451730461739,0.465895449801406,2.71428571428571,0.755928946018455,0.000256251626925133,935,0.000309602649006623,"SRR8482203",0.827679051672623,0.688001687763247
"CACACAT",3.46858591757373,3.97767788767399,0.448240576122843,2.57142857142857,0.534522483824849,0.000242770722626073,137,4.5364238410596e-05,"SRR8482203",5.35158819219519,0.646464757590578
"CACATGA",3.54318649247322,3.97767788767399,0.542773062689259,2,0,0.00018849214382112,607,0.000200993377483444,"SRR8482203",0.937802758385145,0.50280592257045
"CACTTGG",4.01858165151107,4.02226336568126,0,1,0,9.42460719105602e-05,237,7.8476821192053e-05,"SRR8482203",1.20094150704596,0.24861624142571
"CAGCAGG",3.8062609467089,4.0187836888747,0.0758092900046703,1.71428571428571,0.755928946018455,0.000162677329817667,402,0.000133112582781457,"SRR8482203",1.22210332350586,0.426568297027634
"CAGGGAT",4.01494580130983,4.01865889758552,0,1,0,9.42460719105602e-05,75,2.48344370860927e-05,"SRR8482203",3.79497516226522,0.248839233556453
"CATGGCC",3.24688366658386,4.0076197745174,1.07045386538208,2,0,0.00018849214382112,176,5.82781456953642e-05,"SRR8482203",3.23435383147604,0.499049339140672
"CCAACAG",3.18232838320477,3.82210266864692,0.88807744194475,3,0,0.00028273821573168,259,8.57615894039735e-05,"SRR8482203",3.29679309463195,0.784908271724172
"CCACACA",3.46928995114044,3.88896534430034,0.310206235812035,3,0.816496580927726,0.00028273821573168,166,5.49668874172185e-05,"SRR8482203",5.14379163560045,0.771413405469605
"CCACACG",4.00796545333906,4.01173956138832,0,1,0,9.42460719105602e-05,128,4.23841059602649e-05,"SRR8482203",2.22361825913978,0.249268424507082
"CCCTGGT",4.01670484122641,4.02040272098388,0,1,0,9.42460719105602e-05,196,6.49006622516556e-05,"SRR8482203",1.45215886311169,0.24873130116559
"CCGCGTG",4.02016021961449,4.02382839253489,0,1,0,9.42460719105602e-05,79,2.6158940397351e-05,"SRR8482203",3.60282452113787,0.248519544684169
"CCTAACA",3.50069013485125,3.88144172194139,0.306855997010896,2.85714285714286,0.899735410842437,0.000270245899430096,46,1.52317880794702e-05,"SRR8482203",17.7422307886715,0.736103505301064
"CCTGGTG",4.01666304204205,4.02036128264771,0,1,0,9.42460719105602e-05,269,8.90728476821192e-05,"SRR8482203",1.05807857683975,0.24873386486834
"CCTTCGT",3.96879316870151,4.01986371396784,0.0332949508655896,1.14285714285714,0.377964473009227,0.000107568569612429,154,5.09933774834437e-05,"SRR8482203",2.10946155993205,0.2843024600277
"CCTTTCA",3.93206650372784,4.02501897228276,0.0404585252058611,1.28571428571429,0.487950036474267,0.000121879655311775,124,4.10596026490066e-05,"SRR8482203",2.96835934710935,0.319430615002816
"CGAGAGA",3.7471503237564,4.02419823220687,0.199435851033436,1.85714285714286,0.690065559342354,0.000175169646119251,207,6.85430463576159e-05,"SRR8482203",2.55561512695719,0.46149388026653
"CGCCTTT",4.02144376136355,4.02510096104681,0,1,0,9.42460719105602e-05,232,7.68211920529801e-05,"SRR8482203",1.2268238671116,0.248440973202304
"CGCGAGA",4.02061610438712,4.02428037604708,0,1,0,9.42460719105602e-05,131,4.33774834437086e-05,"SRR8482203",2.17269570358696,0.248491632430012
"CGCGTGT",4.02011875179734,4.02378727978985,0,1,0,9.42460719105602e-05,79,2.6158940397351e-05,"SRR8482203",3.60282452113787,0.248522083913995
"CGTTCCA",3.45650350571545,4.00834462925269,0.726211053761301,1.85714285714286,0.690065559342354,0.000174181058121775,361,0.00011953642384106,"SRR8482203",1.45713793775003,0.463319157636678
"CGTTTCC",3.74297523487927,4.01586250809731,0.150221299689203,1.85714285714286,0.377964473009227,0.00017501123952206,280,9.27152317880795e-05,"SRR8482203",1.88762122627365,0.462451802918611
"CTAACAA",3.14423636311342,3.88144172194139,0.522281875694803,4.42857142857143,0.786795792469443,0.000417781962148133,123,4.07284768211921e-05,"SRR8482203",10.2577359811981,1.14096043321665
"CTCACTT",4.01866487728964,4.02234587626988,0,1,0,9.42460719105602e-05,149,4.93377483443709e-05,"SRR8482203",1.91022239711337,0.248611141547914
"CTGAAAC",3.10000226963098,3.99847730303651,0.96129542504866,2.57142857142857,0.534522483824849,0.000241782134628597,172,5.6953642384106e-05,"SRR8482203",4.24524445685095,0.643101955205745
"CTGGTGG",3.97177353911004,4.02031984035731,0.0214947864297507,1.14285714285714,0.377964473009227,0.000107568569612429,537,0.000177814569536424,"SRR8482203",0.604948007876232,0.284270204421241
"CTGTGCA",3.56262021065594,3.97506399609524,0.443194362575546,2.14285714285714,0.377964473009227,0.000201814641522989,208,6.88741721854305e-05,"SRR8482203",2.93019335288187,0.539074879036439
"CTGTTCA",3.61308751677533,4.02081688702891,0.406884735147108,2,0.816496580927726,0.000189480731818596,224,7.41721854304636e-05,"SRR8482203",2.55460629505429,0.497411360972933
"CTTCGTT",4.01611928611727,4.01982222416777,0,1,0,9.42460719105602e-05,258,8.5430463576159e-05,"SRR8482203",1.10319045414687,0.248767220099399
"CTTGGAA",3.35364699566853,3.90096762391912,0.432266948906619,3.28571428571429,0.755928946018455,0.000308711436332325,205,6.78807947019868e-05,"SRR8482203",4.54784652548108,0.842281865034624
"CTTTCAA",3.61749832580402,4.02497797209563,0.425368174441314,2,0.577350269189626,0.000189322325221405,168,5.56291390728477e-05,"SRR8482203",3.40329417957526,0.496897129342223
"GAAACCG",4.02032605128724,4.02399280460647,0,1,0,9.42460719105602e-05,302,1e-04,"SRR8482203",0.942460719105601,0.248509390686596
"GAAACGC",3.81849386816582,4.02444461713135,0.173549577721741,1.57142857142857,0.534522483824849,0.000148366244118322,226,7.48344370860927e-05,"SRR8482203",1.98259317361651,0.390470914853512
"GAAAGAG",3.31126695947404,3.74044164494977,0.318635141786409,4.28571428571429,1.38013111868471,0.000404301057849073,390,0.000129139072847682,"SRR8482203",3.13074152488256,1.14577760931005
"GAAAGGG",3.2766401198659,3.97593704248311,0.556459480443171,3.57142857142857,1.13389341902768,0.000337016794536633,142,4.70198675496689e-05,"SRR8482203",7.16754027817347,0.898260846001246
"GAACCAC",3.86087990461948,4.0111473607758,0.119699412134142,1.42857142857143,0.786795792469443,0.00013453037821055,292,9.66887417218543e-05,"SRR8482203",1.39137582943788,0.356150323107334
"GAAGGAT",3.96790222705777,4.01540167370295,0.0137020369704397,1.14285714285714,0.377964473009227,0.000107568569612429,246,8.14569536423841e-05,"SRR8482203",1.32055723670543,0.284618385837155
"GAATGCT",3.8104160470579,4.02201573981772,0.259802432165705,1.42857142857143,0.534522483824849,0.000134213565016168,167,5.52980132450331e-05,"SRR8482203",2.4270956068792,0.355187925902093
"GACAAAG",3.30438815697561,4.02284061087653,0.74162996411327,2.28571428571429,1.11269728052837,0.000214148551227382,245,8.11258278145695e-05,"SRR8482203",2.63970867227223,0.568184153141543
"GACAAGA",4.00642743802543,4.01021512521423,0,1,0,9.42460719105602e-05,230,7.6158940397351e-05,"SRR8482203",1.23749190073866,0.249363180970642
"GACGCAG",4.01051676592609,4.01426845720964,0,1,0,9.42460719105602e-05,210,6.95364238410596e-05,"SRR8482203",1.35534827223758,0.24911139119358
"GAGAAAC",2.86186234184289,3.87846434534147,1.06094532623997,3.71428571428571,0.487950036474267,0.000350339292238502,172,5.6953642384106e-05,"SRR8482203",6.15130617767603,0.957669165825141
"GAGAAAG",3.21536665979143,3.71591981743358,0.313346603177063,5.14285714285714,1.21498579258791,0.000483564269257194,185,6.12582781456954e-05,"SRR8482203",7.89385996300933,1.38400648978725
"GAGAACC",3.37109824474404,3.91333692593262,0.502448362303742,2.85714285714286,0.377964473009227,0.000269415718029811,170,5.62913907284768e-05,"SRR8482203",4.78609099088253,0.730103978067757
"GAGACGC",3.7490028900438,4.01435250065101,0.186102666129347,1.85714285714286,0.899735410842437,0.000175169646119251,90,2.98013245033113e-05,"SRR8482203",5.87791479200154,0.462625755172642
"GAGAGAA",2.88669590711415,3.88178395559338,0.681158238491407,5.42857142857143,0.786795792469443,0.000510367671258123,153,5.06622516556291e-05,"SRR8482203",10.0739239686244,1.39847335417759
"GAGATTC",3.96885504652387,4.02259331402146,0.0426406252426154,1.14285714285714,0.377964473009227,0.000108398751012714,132,4.37086092715232e-05,"SRR8482203",2.48003203074543,0.284109541691304
"GAGATTG",3.51510174353789,3.74671202251666,0.350767251676565,2.42857142857143,0.534522483824849,0.000228459636926728,152,5.03311258278146e-05,"SRR8482203",4.53913225999156,0.648187374416932
"GAGGACC",3.5049435968401,3.88468210420602,0.255562163528381,3,0.816496580927726,0.000281749627734204,140,4.63576158940397e-05,"SRR8482203",6.07774196969498,0.772263963826497
"GATGGGG",3.45997552298138,3.97717467602019,0.623609633381575,2.28571428571429,0.487950036474267,0.000216125727222335,104,3.44370860927152e-05,"SRR8482203",6.2759586174178,0.574708045763159
"GATTCTC",3.97300992201985,4.02251085043403,0.026641197855004,1.14285714285714,0.377964473009227,0.000107726976209621,130,4.3046357615894e-05,"SRR8482203",2.50258052425426,0.284115366086291
"GATTGGA",3.35585757420723,3.95085145888855,0.478460607460177,3,0,0.00028273821573168,203,6.72185430463576e-05,"SRR8482203",4.20625325866835,0.759329990311496
"GCAGGGA",3.55497749557396,4.01870049866624,0.650552763471289,1.42857142857143,0.534522483824849,0.000135202153013644,91,3.01324503311258e-05,"SRR8482203",4.48692859451873,0.355480939434415
"GCCCTGG",3.89267533967882,4.02044415536657,0.144570712132854,1.28571428571429,0.487950036474267,0.000120891067314298,166,5.49668874172185e-05,"SRR8482203",2.19934351379025,0.319794091406067
"GCCTTTC",3.84998544826838,4.02505996859958,0.229534085276807,1.28571428571429,0.487950036474267,0.000121879655311775,110,3.64238410596026e-05,"SRR8482203",3.34615053674145,0.319427361516211
"GCGAGAG",4.02057468009211,4.02423930606909,0,1,0,9.42460719105602e-05,115,3.80794701986755e-05,"SRR8482203",2.47498380147732,0.248494168448647
"GCGTGTC",4.02007728001911,4.02374616315248,0,1,0,9.42460719105602e-05,116,3.84105960264901e-05,"SRR8482203",2.4536477342232,0.24852462343612
"GCGTTCC",3.88403552605938,4.01228873983461,0.17604694045262,1.14285714285714,0.377964473009227,0.000107568569612429,330,0.000109271523178808,"SRR8482203",0.984415394634959,0.284839206986946
"GCTGAAA",3.50479614801719,3.74170298395774,0.272168219344315,2.85714285714286,0.377964473009227,0.000269415718029811,153,5.06622516556291e-05,"SRR8482203",5.31787887875837,0.763594242886898
"GGAAAGA",2.6737886994867,3.65108408924301,0.731142921092917,8.85714285714286,0.899735410842437,0.000835563924296266,481,0.000159271523178808,"SRR8482203",5.24616018996824,2.42589396481943
"GGAAGGA",3.05157268467436,3.64601140959124,0.440406686486954,6.42857142857143,1.71824938596845,0.000607421100563921,238,7.88079470198675e-05,"SRR8482203",7.70761228446656,1.76317918579749
"GGAATGC",3.69616591985868,4.02205702060116,0.177647181481235,2.14285714285714,0.899735410842437,0.000201814641522989,185,6.12582781456954e-05,"SRR8482203",3.29448766161853,0.532776420593077
"GGAGAAC",3.07209306870206,3.93227077589949,0.723253289155831,3.57142857142857,0.534522483824849,0.000336028206539157,273,9.03973509933775e-05,"SRR8482203",3.71723510530496,0.908235667115681
"GGAGACG",3.67140126978892,4.01439451627354,0.452835512437698,1.57142857142857,0.534522483824849,0.000148524650715513,199,6.58940397350993e-05,"SRR8482203",2.25399218673793,0.391448465032104
"GGATGCT",3.58112100768277,4.01140125992474,0.146192133041721,2.71428571428571,0.951189731211342,0.000254946225733275,140,4.63576158940397e-05,"SRR8482203",5.49955429796064,0.676642783508682
"GGCCCTG",4.0167884275242,4.02048558579655,0,1,0,9.42460719105602e-05,138,4.56953642384106e-05,"SRR8482203",2.0624865012311,0.248726174652328
"GGCGTTC",3.88407510123143,4.01233095558015,0.176051204886898,1.14285714285714,0.377964473009227,0.000107568569612429,269,8.90728476821192e-05,"SRR8482203",1.20764713839976,0.284836210050847
"GGGGAAC",3.41696616583858,3.75166394626099,0.29280026585712,3.42857142857143,0.534522483824849,0.000323694296834764,114,3.77483443708609e-05,"SRR8482203",8.5750594424648,0.913880208270903
"GTTCATG",4.0170390899059,4.02073408541152,0,1,0,9.42460719105602e-05,558,0.00018476821192053,"SRR8482203",0.510077306756078,0.248710802245867
"GTTCCAT",3.32719633562281,3.96880971391286,0.616271679227074,2.71428571428571,0.487950036474267,0.000255104632330466,199,6.58940397350993e-05,"SRR8482203",3.87143713385933,0.683904220645966
"GTTTCCT",3.79033180182912,4.01582063426207,0.115332784835427,1.71428571428571,0.487950036474267,0.000160858560419906,264,8.74172185430464e-05,"SRR8482203",1.84012444116711,0.426883038465368
"TAACAAT",3.63754732018025,3.80379840798967,0.186510690957247,2.28571428571429,0.487950036474267,0.000215137139224859,133,4.40397350993377e-05,"SRR8482203",4.88506887563213,0.600903108038866
"TAACCAC",3.79323568979884,4.01186635652772,0.212201139263628,1.57142857142857,0.534522483824849,0.000147536062718037,67,2.21854304635762e-05,"SRR8482203",6.65013297624584,0.391695144299035
"TATGCTG",3.72445035336809,4.02089967286254,0.262215165841958,1.71428571428571,0.487950036474267,0.000160858560419906,100,3.3112582781457e-05,"SRR8482203",4.85792852468116,0.426343816995884
"TCAATAT",4.02119562989733,4.02485494830502,0,1,0,9.42460719105602e-05,612,0.000202649006622517,"SRR8482203",0.465070485571718,0.248456158754523
"TCACTTG",4.0186232663946,4.02230462293507,0,1,0,9.42460719105602e-05,145,4.80132450331126e-05,"SRR8482203",1.96291818737856,0.248613691339544
"TCATGGC",3.14946242404389,3.65485009056139,0.567055858074683,4.57142857142857,0.534522483824849,0.000431262866447193,321,0.000106291390728477,"SRR8482203",4.05736403947204,1.25078415205981
"TCCTAAC",3.92597343660942,4.01953168453126,0.0438106020386169,1.28571428571429,0.487950036474267,0.000121879655311775,68,2.25165562913907e-05,"SRR8482203",5.41289057414058,0.319866687619909
"TCCTTCG",3.96883344015625,4.01990519980461,0.0333011033608802,1.14285714285714,0.377964473009227,0.000107568569612429,238,7.88079470198675e-05,"SRR8482203",1.36494571525015,0.284299525996954
"TCGTTTC",4.01603557088076,4.01973923267471,0,1,0,9.42460719105602e-05,267,8.84105960264901e-05,"SRR8482203",1.06600425906326,0.248772356144756
"TCTCACT",3.44097897344157,4.02238712568644,0.483602450012114,2.71428571428571,1.38013111868471,0.000255263038927657,92,3.04635761589404e-05,"SRR8482203",8.37928671262527,0.674794749852057
"TCTTGAA",3.23784994059295,3.93033763573773,0.768953712624107,2.71428571428571,0.487950036474267,0.000256093220327942,313,0.00010364238410596,"SRR8482203",2.4709313910236,0.690598611581175
"TGAAACG",3.96578164356055,4.02448566769917,0.056439146823951,1.14285714285714,0.377964473009227,0.000107568569612429,176,5.82781456953642e-05,"SRR8482203",1.84577886494055,0.283975950524511
"TGACAAA",3.44205975300746,3.95640857119583,0.560258173071252,2.42857142857143,0.534522483824849,0.000229448224924204,160,5.29801324503311e-05,"SRR8482203",4.33083524544435,0.613832314046723
"TGAGAGG",3.26795952443617,3.86758532654704,0.508164243092183,3.85714285714286,0.899735410842437,0.000362673201942895,67,2.21854304635762e-05,"SRR8482203",16.3473592517544,0.997300002838334
"TGCTGAA",3.2258498818162,4.01515010322947,0.920846115462941,2.42857142857143,0.534522483824849,0.000228459636926728,353,0.000116887417218543,"SRR8482203",1.95452720543546,0.604851964716855
"TGGAAGG",2.94955462802219,3.64865269513122,0.525189155825218,6.85714285714286,1.3451854182691,0.000646558412269243,218,7.21854304635762e-05,"SRR8482203",8.95691011492254,1.87936299508393
"TGGAATG",3.22395351413929,4.01828430842653,0.807496020545807,2.85714285714286,1.3451854182691,0.000267438542034859,185,6.12582781456954e-05,"SRR8482203",4.36575349700148,0.711035516115994
"TGGCCCT",4.01683021463918,4.02052701227456,0,1,0,9.42460719105602e-05,125,4.13907284768212e-05,"SRR8482203",2.27698509735913,0.248723611841688
"TGGCGTT",3.74659510287088,4.01237316722249,0.256245003758558,1.57142857142857,0.534522483824849,0.000147536062718037,200,6.62251655629139e-05,"SRR8482203",2.22779454704235,0.391645668520002
"TGGGGAA",3.16600100418108,3.97285055584723,0.557868527059716,4.14285714285714,1.21498579258791,0.000389159790749442,130,4.3046357615894e-05,"SRR8482203",9.04048129279474,1.04279209213135
"TGGTGGC",3.67551425929677,3.8169700377573,0.158307585822223,2.14285714285714,0.377964473009227,0.000201814641522989,419,0.000138741721854305,"SRR8482203",1.45460672410365,0.561402662756085
"TGTTCAT",4.01708085290302,4.02077548819356,0,1,0,9.42460719105602e-05,636,0.000210596026490066,"SRR8482203",0.447520655927503,0.248708241217735
"TTCAATA",3.70604494994462,3.81710240425692,0.157058958091087,2,0,0.00018849214382112,157,5.19867549668874e-05,"SRR8482203",3.6257724480241,0.52395764854764
"TTCATGG",3.57985908763826,3.92603359667884,0.432917370142744,2.14285714285714,0.377964473009227,0.000201814641522989,227,7.51655629139073e-05,"SRR8482203",2.68493487841158,0.545807133354603
"TTCCTAA",3.92601291845296,4.01957320209564,0.0438244987239068,1.28571428571429,0.487950036474267,0.000121879655311775,91,3.01324503311258e-05,"SRR8482203",4.04479735210505,0.319863383765214
"TTCCTTC",3.84061578946613,4.01994668167884,0.0596901915460116,1.57142857142857,0.534522483824849,0.000148524650715513,555,0.000183774834437086,"SRR8482203",0.808188189479007,0.39090781442213
"TTCGTTT",4.01607743051679,4.01978073040365,0,1,0,9.42460719105602e-05,331,0.000109602649006623,"SRR8482203",0.859888631933207,0.248769787972884
"TTCTCAC",3.66342798016649,4.02242837118549,0.243494328382657,2.14285714285714,0.899735410842437,0.000201814641522989,150,4.96688741721854e-05,"SRR8482203",4.06320144932952,0.532727234674312
"TTGAGAG",3.73068813698041,4.01258416391415,0.10548691747416,2,0.816496580927726,0.000187503555823644,85,2.81456953642384e-05,"SRR8482203",6.66189104220477,0.498431912777391
"TTGGAAG",3.61531039197116,4.01552740431379,0.220013994339324,2.42857142857143,0.786795792469443,0.000228618043523919,171,5.66225165562914e-05,"SRR8482203",4.03758182129962,0.604795132505501
"TTGGAAT",3.49881911545817,4.00017368305847,0.411271039619054,2.57142857142857,0.786795792469443,0.000241110359825503,219,7.25165562913907e-05,"SRR8482203",3.32490085238822,0.642829230720427
"TTTCAAT",4.021278356144,4.02493696803744,0,1,0,9.42460719105602e-05,264,8.74172185430464e-05,"SRR8482203",1.07811794382535,0.248451095741656
"TTTCCTA",3.88092633657625,4.01961471569142,0.0669162380588323,1.42857142857143,0.534522483824849,0.000135202153013644,86,2.8476821192053e-05,"SRR8482203",4.74779653606051,0.355400089216187
"AAAAAGG",3.60364901008083,3.76170236754141,0.227743401880325,2.28571428571429,0.487950036474267,0.000215137139224859,237,7.8476821192053e-05,"SRR8482204",2.74140995974292,0.60762762770309
"AAAAGGC",3.58264777684189,3.94743372188705,0.515885230845959,2,0,0.00018849214382112,168,5.56291390728477e-05,"SRR8482204",3.38837068059395,0.506658285080442
"AAACCGC",4.02028459930691,4.02395170742339,0,1,0,9.42460719105602e-05,171,5.66225165562914e-05,"SRR8482204",1.6644627904672,0.248511928747852
"AAACGCG",4.020740353563,4.02440356268297,0,1,0,9.42460719105602e-05,88,2.91390728476821e-05,"SRR8482204",3.23435383147604,0.248484026123197
"AAACTGT",4.01724786472989,4.02094105986232,0,1,0,9.42460719105602e-05,162,5.36423841059603e-05,"SRR8482204",1.75693294549316,0.248698000073207
"AAAGAGA",2.96424416121211,3.71591981743358,0.540440681820247,6.71428571428571,1.11269728052837,0.000633749282773276,481,0.000159271523178808,"SRR8482204",3.97904955088419,1.80689736166669
"AAAGGCG",4.02202218388682,4.02567444941034,0,1,0,9.42460719105602e-05,233,7.71523178807947e-05,"SRR8482204",1.22155852862614,0.248405580870175
"AAAGGGA",2.93296357717133,3.71087861768517,0.709585369192194,5.14285714285714,0.899735410842437,0.00048455285725467,130,4.3046357615894e-05,"SRR8482204",11.2565356069931,1.38588665184237
"AACAATC",3.46485803358561,4.0177426641615,0.679373563898697,1.85714285714286,0.899735410842437,0.000174181058121775,201,6.65562913907285e-05,"SRR8482204",2.61704873396896,0.462235392452752
"AACAGCA",2.91378086386005,3.95511023097055,0.794544165644865,4.71428571428571,0.951189731211342,0.000443083407945684,368,0.000121854304635762,"SRR8482204",3.63617361955425,1.1919479961318
"AACCACA",2.82527267299094,3.98855895687862,1.2477033889314,3.85714285714286,1.0690449676497,0.000362159833736993,267,8.84105960264901e-05,"SRR8482204",4.09633969245588,0.967051734434282
"AACCGCG",4.02024314336851,4.02391060635092,0,1,0,9.42460719105602e-05,118,3.90728476821192e-05,"SRR8482204",2.41206048449061,0.248514467101159
"AACGCGA",4.02069894112181,4.02436250435328,0,1,0,9.42460719105602e-05,142,4.70198675496689e-05,"SRR8482204",2.00438828992881,0.248486561267348
"AACTGTT",4.01720611779587,4.02089967286254,0,1,0,9.42460719105602e-05,182,6.02649006622517e-05,"SRR8482204",1.56386339104336,0.248700559914266
"AAGAGAA",2.77153894796551,3.64483232882564,0.743126932582365,8.57142857142857,0.786795792469443,0.000808247154089434,458,0.000151655629139073,"SRR8482204",5.3294899680133,2.35166608451102
"AAGAGAT",3.10418522651523,3.94314812935856,0.834857294110366,3.42857142857143,0.534522483824849,0.000322705708837288,367,0.000121523178807947,"SRR8482204",2.65550746781637,0.869501047410349
"AAGGATG",3.53935056557975,3.82613961793591,0.29454715787245,2.57142857142857,0.534522483824849,0.000242770722626073,275,9.10596026490066e-05,"SRR8482204",2.66606393574815,0.672068671873448
"AAGGCGA",3.76594275904567,4.0256335110607,0.359190361829163,1.28571428571429,0.487950036474267,0.000120891067314298,206,6.82119205298013e-05,"SRR8482204",1.77228652082127,0.319381851870445
"AAGGGAA",3.00259073877048,3.71079409993033,0.592762156123895,5.85714285714286,1.67616341969505,0.000553142521758968,262,8.67549668874172e-05,"SRR8482204",6.37591761722169,1.57840685831985
"AATATGC",4.0211128878847,4.02477291307963,0,1,0,9.42460719105602e-05,339,0.000112251655629139,"SRR8482204",0.839596274837439,0.248461222930173
"ACAAAGA",3.16046172062612,3.68457608738846,0.421429252076923,5.42857142857143,1.71824938596845,0.000509379083260647,165,5.4635761589404e-05,"SRR8482204",9.32318079664942,1.47332319914693
"ACAAGAG",3.67564215675343,4.01017270328678,0.339197945792224,1.85714285714286,0.377964473009227,0.000175169646119251,336,0.000111258278145695,"SRR8482204",1.57444146214327,0.463107949346103
"ACACATG",3.35450580838322,3.84029433161144,0.38748495612221,3.42857142857143,0.534522483824849,0.000322864115434479,376,0.000124503311258278,"SRR8482204",2.59321709737268,0.892788711622725
"ACAGCAG",3.4313840411624,3.83676704739421,0.190174529623996,3.71428571428571,0.951189731211342,0.000348520522840741,339,0.000112251655629139,"SRR8482204",3.1048140972833,0.968076943010737
"ACATGAT",3.31336994615636,3.89192753422068,0.542736445174871,3,0,0.00028273821573168,218,7.21854304635762e-05,"SRR8482204",3.91683216288842,0.770826274030491
"ACCACAC",2.74013536341547,4.01106269472973,1.64725779785292,2.57142857142857,0.534522483824849,0.000241782134628597,113,3.74172185430464e-05,"SRR8482204",6.46178802281737,0.641084113396496
"ACCGCGT",4.02020168347129,4.02386950138833,0,1,0,9.42460719105602e-05,79,2.6158940397351e-05,"SRR8482204",3.60282452113787,0.248517005746577
"ACGCAGA",3.79309576234741,4.01034236613957,0.0541507243363133,1.71428571428571,0.487950036474267,0.000160858560419906,298,9.86754966887417e-05,"SRR8482204",1.63017735727556,0.427466175646225
"ACGCCTT",4.0214851028241,4.02514194962519,0,1,0,9.42460719105602e-05,107,3.54304635761589e-05,"SRR8482204",2.66002931934478,0.248438443293439
"ACGCGAG",4.0206575247301,4.02432144214156,0,1,0,9.42460719105602e-05,120,3.97350993377483e-05,"SRR8482204",2.37185947641576,0.248489096702932
"ACTGTGC",3.83565732526086,4.0234170898411,0.107789907628731,1.57142857142857,0.786795792469443,0.000149354832115798,111,3.67549668874172e-05,"SRR8482204",4.06352786477215,0.39057063593937
"ACTGTTC",3.76062575147124,4.02085828191832,0.306326850303083,1.57142857142857,0.534522483824849,0.000148524650715513,168,5.56291390728477e-05,"SRR8482204",2.66990741167172,0.390819188653139
"ACTTGGA",3.53299159505987,4.00026049854739,0.562788233519511,2,0.577350269189626,0.000187661962420835,205,6.78807947019868e-05,"SRR8482204",2.76458110493133,0.499967439802047
"AGAAACC",3.38423998806057,3.98227123303957,0.515911877055893,2.85714285714286,0.377964473009227,0.000269415718029811,191,6.32450331125828e-05,"SRR8482204",4.2598715625656,0.717465659656254
"AGAAAGG",3.20113836675868,3.82321331328267,0.272332069792956,5.71428571428571,1.70433620649269,0.000538831436059623,147,4.86754966887417e-05,"SRR8482204",11.069870319048,1.49462905834552
"AGAACCA",3.46009699088238,3.91376088641232,0.269984347814887,3.14285714285714,0.690065559342354,0.000295388938630456,215,7.11920529801325e-05,"SRR8482204",4.1491841612278,0.8030273780313
"AGACAAG",4.00647023432748,4.0102575429983,0,1,0,9.42460719105602e-05,132,4.37086092715232e-05,"SRR8482204",2.15623588765069,0.24936054337606
"AGACGCA",3.92270150031384,4.01431048096331,0.0303700364345222,1.28571428571429,0.487950036474267,0.000120891067314298,115,3.80794701986755e-05,"SRR8482204",3.17470455034071,0.320282721481412
"AGAGAAA",2.97201143972268,3.63658818372984,0.488668955119022,7.14285714285714,1.3451854182691,0.000671543044872412,202,6.6887417218543e-05,"SRR8482204",10.0399009678945,1.96416442609983
"AGAGATT",3.19912562709675,4.01573687447745,0.918774440597529,2.85714285714286,0.377964473009227,0.000269415718029811,102,3.37748344370861e-05,"SRR8482204",7.97681831813755,0.711486570572342
"AGATGGG",3.3338605743793,3.71070956572434,0.320339612112722,4,1,0.000376154106241956,158,5.2317880794702e-05,"SRR8482204",7.18978101804244,1.07796094767099
"AGATTCT",3.31839588256902,4.02255208418501,0.962478745175579,1.85714285714286,0.377964473009227,0.00017501123952206,145,4.80132450331126e-05,"SRR8482204",3.64506167832152,0.461682737296147
"AGATTGG",3.92051307456058,4.01565309853547,0.0521078161531788,1.28571428571429,0.487950036474267,0.000120891067314298,141,4.66887417218543e-05,"SRR8482204",2.58929803751192,0.320175636232919
"AGCAGGG",3.22874484370932,3.99343623049761,0.93926370637545,2.28571428571429,0.487950036474267,0.000215137139224859,129,4.27152317880795e-05,"SRR8482204",5.0365438795277,0.572367793996167
"AGGAAAG",2.78408621981024,3.81237851115419,0.696149935998388,7.71428571428571,1.38013111868471,0.000729142349278504,162,5.36423841059603e-05,"SRR8482204",13.5926536717351,2.02348368392996
"AGGACCA",3.30034766058734,3.69983772586725,0.298151853779953,4.57142857142857,1.39727626201154,0.000430115871852526,151,5e-05,"SRR8482204",8.60231743705052,1.2355754252322
"AGGAGAC",2.9596987619014,3.89298455071072,0.694166647501011,5.14285714285714,1.0690449676497,0.0004828924944541,148,4.90066225165563e-05,"SRR8482204",9.85361711656339,1.32105768103247
"AGGATGC",4.01157540368557,4.01531783306912,0,1,0,9.42460719105602e-05,214,7.08609271523179e-05,"SRR8482204",1.33001465967239,0.249046287634881
"AGGGATA",4.01490383241886,4.01861729251944,0,1,0,9.42460719105602e-05,112,3.70860927152318e-05,"SRR8482204",2.54127801044546,0.24884180980893
"ATATGCT",3.88410387982539,4.02473188965525,0.0775062551559592,1.42857142857143,0.534522483824849,0.000134213565016168,89,2.94701986754967e-05,"SRR8482204",4.55421310504299,0.354948222077421
"ATCAAAA",3.83956729686175,4.01757586839107,0.181722267382871,1.42857142857143,0.534522483824849,0.000135202153013644,281,9.3046357615894e-05,"SRR8482204",1.45306228505767,0.355580448352188
"ATCTTGA",3.44903137542436,3.93033763573773,0.541564552093493,2.42857142857143,0.534522483824849,0.000229448224924204,261,8.64238410596027e-05,"SRR8482204",2.6549181581268,0.61790402088842
"ATGCTGA",3.00829128672532,4.01519204176283,0.928713114652066,3.28571428571429,1.11269728052837,0.00031120198053318,353,0.000116887417218543,"SRR8482204",2.66240787878244,0.818320581316883
"ATGGCCC",3.70399018777105,3.99852088283504,0.292865819187127,1.85714285714286,0.377964473009227,0.000174339464718966,93,3.0794701986755e-05,"SRR8482204",5.66134605861589,0.464457461036468
"ATGGCGT",3.23143766156158,4.00216606175651,0.994209590952585,2,0.577350269189626,0.000187661962420835,188,6.22516556291391e-05,"SRR8482204",3.01456982186661,0.499729388820568
"ATGGGGA",3.47215484486383,3.97712890058068,0.70834986942882,2,0,0.00018849214382112,103,3.41059602649007e-05,"SRR8482204",5.5266628576678,0.502875327905009
"ATTCTCA",3.9729696794745,4.02246961276777,0.0266347057547187,1.14285714285714,0.377964473009227,0.000107726976209621,193,6.39072847682119e-05,"SRR8482204",1.68567600079303,0.284118278788132
"ATTGGAA",3.86570620458941,4.01556930642988,0.057828066705348,1.57142857142857,0.975900072948533,0.000149513238712989,168,5.56291390728477e-05,"SRR8482204",2.68767845781683,0.391333943337086
"CAAAGAG",3.24540422187359,3.92813970687512,0.445082012990898,4,0.577350269189626,0.000376984287642241,156,5.16556291390728e-05,"SRR8482204",7.29802915820235,1.01829372132542
"CAACAGC",3.21595986175355,3.65657729139611,0.466205415728589,4.42857142857143,0.786795792469443,0.000418770550145609,361,0.00011953642384106,"SRR8482204",3.50328825883584,1.21112479667579
"CAAGAGA",3.61236446323572,4.00620924053766,0.351358093550724,2,0.577350269189626,0.000188333737223929,307,0.000101655629139073,"SRR8482204",1.85266412513442,0.499225047898793
"CAATATG",3.45400085932956,3.9451730461739,0.465895449801406,2.71428571428571,0.755928946018455,0.000256251626925133,727,0.000240728476821192,"SRR8482204",1.06448406232999,0.688001687763247
"CACACAT",3.46858591757373,3.97767788767399,0.448240576122843,2.57142857142857,0.534522483824849,0.000242770722626073,170,5.62913907284768e-05,"SRR8482204",4.31275048429847,0.646464757590578
"CACATGA",3.54318649247322,3.97767788767399,0.542773062689259,2,0,0.00018849214382112,459,0.000151986754966887,"SRR8482204",1.24018796152458,0.50280592257045
"CACTTGG",4.01858165151107,4.02226336568126,0,1,0,9.42460719105602e-05,195,6.4569536423841e-05,"SRR8482204",1.45960583164047,0.24861624142571
"CAGCAGG",3.8062609467089,4.0187836888747,0.0758092900046703,1.71428571428571,0.755928946018455,0.000162677329817667,362,0.000119867549668874,"SRR8482204",1.35714236477722,0.426568297027634
"CAGGGAT",4.01494580130983,4.01865889758552,0,1,0,9.42460719105602e-05,88,2.91390728476821e-05,"SRR8482204",3.23435383147604,0.248839233556453
"CATGGCC",3.24688366658386,4.0076197745174,1.07045386538208,2,0,0.00018849214382112,210,6.95364238410596e-05,"SRR8482204",2.71069654447516,0.499049339140672
"CCAACAG",3.18232838320477,3.82210266864692,0.88807744194475,3,0,0.00028273821573168,249,8.24503311258278e-05,"SRR8482204",3.42919442373363,0.784908271724172
"CCACACA",3.46928995114044,3.88896534430034,0.310206235812035,3,0.816496580927726,0.00028273821573168,176,5.82781456953642e-05,"SRR8482204",4.85153074721406,0.771413405469605
"CCACACG",4.00796545333906,4.01173956138832,0,1,0,9.42460719105602e-05,99,3.27814569536424e-05,"SRR8482204",2.87498118353426,0.249268424507082
"CCCTGGT",4.01670484122641,4.02040272098388,0,1,0,9.42460719105602e-05,203,6.72185430463576e-05,"SRR8482204",1.40208441955612,0.24873130116559
"CCGCGTG",4.02016021961449,4.02382839253489,0,1,0,9.42460719105602e-05,100,3.3112582781457e-05,"SRR8482204",2.84623137169892,0.248519544684169
"CCTAACA",3.50069013485125,3.88144172194139,0.306855997010896,2.85714285714286,0.899735410842437,0.000270245899430096,42,1.39072847682119e-05,"SRR8482204",19.4319670542593,0.736103505301064
"CCTGGTG",4.01666304204205,4.02036128264771,0,1,0,9.42460719105602e-05,255,8.44370860927152e-05,"SRR8482204",1.11616916537212,0.24873386486834
"CCTTCGT",3.96879316870151,4.01986371396784,0.0332949508655896,1.14285714285714,0.377964473009227,0.000107568569612429,143,4.73509933774834e-05,"SRR8482204",2.27172783377298,0.2843024600277
"CCTTTCA",3.93206650372784,4.02501897228276,0.0404585252058611,1.28571428571429,0.487950036474267,0.000121879655311775,168,5.56291390728477e-05,"SRR8482204",2.1909318990569,0.319430615002816
"CGAGAGA",3.7471503237564,4.02419823220687,0.199435851033436,1.85714285714286,0.690065559342354,0.000175169646119251,194,6.42384105960265e-05,"SRR8482204",2.72686768701102,0.46149388026653
"CGCCTTT",4.02144376136355,4.02510096104681,0,1,0,9.42460719105602e-05,290,9.60264900662252e-05,"SRR8482204",0.981459093689282,0.248440973202304
"CGCGAGA",4.02061610438712,4.02428037604708,0,1,0,9.42460719105602e-05,153,5.06622516556291e-05,"SRR8482204",1.86028194228687,0.248491632430012
"CGCGTGT",4.02011875179734,4.02378727978985,0,1,0,9.42460719105602e-05,98,3.24503311258278e-05,"SRR8482204",2.90431772622338,0.248522083913995
"CGTTCCA",3.45650350571545,4.00834462925269,0.726211053761301,1.85714285714286,0.690065559342354,0.000174181058121775,417,0.000138079470198676,"SRR8482204",1.2614551451505,0.463319157636678
"CGTTTCC",3.74297523487927,4.01586250809731,0.150221299689203,1.85714285714286,0.377964473009227,0.00017501123952206,230,7.6158940397351e-05,"SRR8482204",2.29797366676792,0.462451802918611
"CTAACAA",3.14423636311342,3.88144172194139,0.522281875694803,4.42857142857143,0.786795792469443,0.000417781962148133,122,4.03973509933775e-05,"SRR8482204",10.3418157843226,1.14096043321665
"CTCACTT",4.01866487728964,4.02234587626988,0,1,0,9.42460719105602e-05,152,5.03311258278146e-05,"SRR8482204",1.8725206392756,0.248611141547914
"CTGAAAC",3.10000226963098,3.99847730303651,0.96129542504866,2.57142857142857,0.534522483824849,0.000241782134628597,170,5.62913907284768e-05,"SRR8482204",4.29518850928449,0.643101955205745
"CTGGTGG",3.97177353911004,4.02031984035731,0.0214947864297507,1.14285714285714,0.377964473009227,0.000107568569612429,529,0.000175165562913907,"SRR8482204",0.61409655998022,0.284270204421241
"CTGTGCA",3.56262021065594,3.97506399609524,0.443194362575546,2.14285714285714,0.377964473009227,0.000201814641522989,224,7.41721854304636e-05,"SRR8482204",2.72089382767602,0.539074879036439
"CTGTTCA",3.61308751677533,4.02081688702891,0.406884735147108,2,0.816496580927726,0.000189480731818596,253,8.37748344370861e-05,"SRR8482204",2.26178581064095,0.497411360972933
"CTTCGTT",4.01611928611727,4.01982222416777,0,1,0,9.42460719105602e-05,203,6.72185430463576e-05,"SRR8482204",1.40208441955612,0.248767220099399
"CTTGGAA",3.35364699566853,3.90096762391912,0.432266948906619,3.28571428571429,0.755928946018455,0.000308711436332325,188,6.22516556291391e-05,"SRR8482204",4.95908796661501,0.842281865034624
"CTTTCAA",3.61749832580402,4.02497797209563,0.425368174441314,2,0.577350269189626,0.000189322325221405,193,6.39072847682119e-05,"SRR8482204",2.96245296460437,0.496897129342223
"GAAACCG",4.02032605128724,4.02399280460647,0,1,0,9.42460719105602e-05,374,0.000123841059602649,"SRR8482204",0.761024430935539,0.248509390686596
"GAAACGC",3.81849386816582,4.02444461713135,0.173549577721741,1.57142857142857,0.534522483824849,0.000148366244118322,223,7.3841059602649e-05,"SRR8482204",2.00926483066068,0.390470914853512
"GAAAGAG",3.31126695947404,3.74044164494977,0.318635141786409,4.28571428571429,1.38013111868471,0.000404301057849073,369,0.000122185430463576,"SRR8482204",3.30891380678645,1.14577760931005
"GAAAGGG",3.2766401198659,3.97593704248311,0.556459480443171,3.57142857142857,1.13389341902768,0.000337016794536633,186,6.15894039735099e-05,"SRR8482204",5.4719931155948,0.898260846001246
"GAACCAC",3.86087990461948,4.0111473607758,0.119699412134142,1.42857142857143,0.786795792469443,0.00013453037821055,276,9.13907284768212e-05,"SRR8482204",1.47203529781109,0.356150323107334
"GAAGGAT",3.96790222705777,4.01540167370295,0.0137020369704397,1.14285714285714,0.377964473009227,0.000107568569612429,262,8.67549668874172e-05,"SRR8482204",1.23991251996006,0.284618385837155
"GAATGCT",3.8104160470579,4.02201573981772,0.259802432165705,1.42857142857143,0.534522483824849,0.000134213565016168,172,5.6953642384106e-05,"SRR8482204",2.35654050202806,0.355187925902093
"GACAAAG",3.30438815697561,4.02284061087653,0.74162996411327,2.28571428571429,1.11269728052837,0.000214148551227382,307,0.000101655629139073,"SRR8482204",2.10660789806741,0.568184153141543
"GACAAGA",4.00642743802543,4.01021512521423,0,1,0,9.42460719105602e-05,195,6.4569536423841e-05,"SRR8482204",1.45960583164047,0.249363180970642
"GACGCAG",4.01051676592609,4.01426845720964,0,1,0,9.42460719105602e-05,184,6.09271523178808e-05,"SRR8482204",1.54686487592332,0.24911139119358
"GAGAAAC",2.86186234184289,3.87846434534147,1.06094532623997,3.71428571428571,0.487950036474267,0.000350339292238502,186,6.15894039735099e-05,"SRR8482204",5.68830463742084,0.957669165825141
"GAGAAAG",3.21536665979143,3.71591981743358,0.313346603177063,5.14285714285714,1.21498579258791,0.000483564269257194,171,5.66225165562914e-05,"SRR8482204",8.54014089565336,1.38400648978725
"GAGAACC",3.37109824474404,3.91333692593262,0.502448362303742,2.85714285714286,0.377964473009227,0.000269415718029811,156,5.16556291390728e-05,"SRR8482204",5.21561197724378,0.730103978067757
"GAGACGC",3.7490028900438,4.01435250065101,0.186102666129347,1.85714285714286,0.899735410842437,0.000175169646119251,93,3.0794701986755e-05,"SRR8482204",5.68830463742084,0.462625755172642
"GAGAGAA",2.88669590711415,3.88178395559338,0.681158238491407,5.42857142857143,0.786795792469443,0.000510367671258123,149,4.93377483443709e-05,"SRR8482204",10.3443648805338,1.39847335417759
"GAGATTC",3.96885504652387,4.02259331402146,0.0426406252426154,1.14285714285714,0.377964473009227,0.000108398751012714,152,5.03311258278146e-05,"SRR8482204",2.15371202669998,0.284109541691304
"GAGATTG",3.51510174353789,3.74671202251666,0.350767251676565,2.42857142857143,0.534522483824849,0.000228459636926728,175,5.79470198675497e-05,"SRR8482204",3.94256059153553,0.648187374416932
"GAGGACC",3.5049435968401,3.88468210420602,0.255562163528381,3,0.816496580927726,0.000281749627734204,157,5.19867549668874e-05,"SRR8482204",5.41964252074712,0.772263963826497
"GATGGGG",3.45997552298138,3.97717467602019,0.623609633381575,2.28571428571429,0.487950036474267,0.000216125727222335,103,3.41059602649007e-05,"SRR8482204",6.3368902544801,0.574708045763159
"GATTCTC",3.97300992201985,4.02251085043403,0.026641197855004,1.14285714285714,0.377964473009227,0.000107726976209621,159,5.26490066225166e-05,"SRR8482204",2.04613501983053,0.284115366086291
"GATTGGA",3.35585757420723,3.95085145888855,0.478460607460177,3,0,0.00028273821573168,188,6.22516556291391e-05,"SRR8482204",4.54185857185997,0.759329990311496
"GCAGGGA",3.55497749557396,4.01870049866624,0.650552763471289,1.42857142857143,0.534522483824849,0.000135202153013644,96,3.17880794701987e-05,"SRR8482204",4.25323439688754,0.355480939434415
"GCCCTGG",3.89267533967882,4.02044415536657,0.144570712132854,1.28571428571429,0.487950036474267,0.000120891067314298,179,5.9271523178808e-05,"SRR8482204",2.03961465524682,0.319794091406067
"GCCTTTC",3.84998544826838,4.02505996859958,0.229534085276807,1.28571428571429,0.487950036474267,0.000121879655311775,197,6.52317880794702e-05,"SRR8482204",1.86840892914497,0.319427361516211
"GCGAGAG",4.02057468009211,4.02423930606909,0,1,0,9.42460719105602e-05,155,5.13245033112583e-05,"SRR8482204",1.83627830432188,0.248494168448647
"GCGTGTC",4.02007728001911,4.02374616315248,0,1,0,9.42460719105602e-05,130,4.3046357615894e-05,"SRR8482204",2.1894087474607,0.24852462343612
"GCGTTCC",3.88403552605938,4.01228873983461,0.17604694045262,1.14285714285714,0.377964473009227,0.000107568569612429,387,0.000128145695364238,"SRR8482204",0.839423979921283,0.284839206986946
"GCTGAAA",3.50479614801719,3.74170298395774,0.272168219344315,2.85714285714286,0.377964473009227,0.000269415718029811,172,5.6953642384106e-05,"SRR8482204",4.73043877005831,0.763594242886898
"GGAAAGA",2.6737886994867,3.65108408924301,0.731142921092917,8.85714285714286,0.899735410842437,0.000835563924296266,462,0.000152980132450331,"SRR8482204",5.46191136661195,2.42589396481943
"GGAAGGA",3.05157268467436,3.64601140959124,0.440406686486954,6.42857142857143,1.71824938596845,0.000607421100563921,252,8.34437086092715e-05,"SRR8482204",7.27941160199619,1.76317918579749
"GGAATGC",3.69616591985868,4.02205702060116,0.177647181481235,2.14285714285714,0.899735410842437,0.000201814641522989,177,5.86092715231788e-05,"SRR8482204",3.44339105875383,0.532776420593077
"GGAGAAC",3.07209306870206,3.93227077589949,0.723253289155831,3.57142857142857,0.534522483824849,0.000336028206539157,233,7.71523178807947e-05,"SRR8482204",4.35538705471354,0.908235667115681
"GGAGACG",3.67140126978892,4.01439451627354,0.452835512437698,1.57142857142857,0.534522483824849,0.000148524650715513,178,5.89403973509934e-05,"SRR8482204",2.5199126132632,0.391448465032104
"GGATGCT",3.58112100768277,4.01140125992474,0.146192133041721,2.71428571428571,0.951189731211342,0.000254946225733275,162,5.36423841059603e-05,"SRR8482204",4.75270124515117,0.676642783508682
"GGCCCTG",4.0167884275242,4.02048558579655,0,1,0,9.42460719105602e-05,141,4.66887417218543e-05,"SRR8482204",2.01860380971554,0.248726174652328
"GGCGTTC",3.88407510123143,4.01233095558015,0.176051204886898,1.14285714285714,0.377964473009227,0.000107568569612429,242,8.01324503311258e-05,"SRR8482204",1.34238462904767,0.284836210050847
"GGGGAAC",3.41696616583858,3.75166394626099,0.29280026585712,3.42857142857143,0.534522483824849,0.000323694296834764,128,4.23841059602649e-05,"SRR8482204",7.63716231594521,0.913880208270903
"GTTCATG",4.0170390899059,4.02073408541152,0,1,0,9.42460719105602e-05,491,0.000162582781456954,"SRR8482204",0.5796805237676,0.248710802245867
"GTTCCAT",3.32719633562281,3.96880971391286,0.616271679227074,2.71428571428571,0.487950036474267,0.000255104632330466,189,6.25827814569536e-05,"SRR8482204",4.07627507744978,0.683904220645966
"GTTTCCT",3.79033180182912,4.01582063426207,0.115332784835427,1.71428571428571,0.487950036474267,0.000160858560419906,260,8.60927152317881e-05,"SRR8482204",1.86843404795429,0.426883038465368
"TAACAAT",3.63754732018025,3.80379840798967,0.186510690957247,2.28571428571429,0.487950036474267,0.000215137139224859,125,4.13907284768212e-05,"SRR8482204",5.19771328367258,0.600903108038866
"TAACCAC",3.79323568979884,4.01186635652772,0.212201139263628,1.57142857142857,0.534522483824849,0.000147536062718037,67,2.21854304635762e-05,"SRR8482204",6.65013297624584,0.391695144299035
"TATGCTG",3.72445035336809,4.02089967286254,0.262215165841958,1.71428571428571,0.487950036474267,0.000160858560419906,102,3.37748344370861e-05,"SRR8482204",4.76267502419721,0.426343816995884
"TCAATAT",4.02119562989733,4.02485494830502,0,1,0,9.42460719105602e-05,574,0.000190066225165563,"SRR8482204",0.495859123989358,0.248456158754523
"TCACTTG",4.0186232663946,4.02230462293507,0,1,0,9.42460719105602e-05,116,3.84105960264901e-05,"SRR8482204",2.4536477342232,0.248613691339544
"TCATGGC",3.14946242404389,3.65485009056139,0.567055858074683,4.57142857142857,0.534522483824849,0.000431262866447193,308,0.000101986754966887,"SRR8482204",4.22861641776144,1.25078415205981
"TCCTAAC",3.92597343660942,4.01953168453126,0.0438106020386169,1.28571428571429,0.487950036474267,0.000121879655311775,79,2.6158940397351e-05,"SRR8482204",4.65919694989315,0.319866687619909
"TCCTTCG",3.96883344015625,4.01990519980461,0.0333011033608802,1.14285714285714,0.377964473009227,0.000107568569612429,243,8.04635761589404e-05,"SRR8482204",1.33686041246723,0.284299525996954
"TCGTTTC",4.01603557088076,4.01973923267471,0,1,0,9.42460719105602e-05,227,7.51655629139073e-05,"SRR8482204",1.25384641925062,0.248772356144756
"TCTCACT",3.44097897344157,4.02238712568644,0.483602450012114,2.71428571428571,1.38013111868471,0.000255263038927657,93,3.0794701986755e-05,"SRR8482204",8.28918685550027,0.674794749852057
"TCTTGAA",3.23784994059295,3.93033763573773,0.768953712624107,2.71428571428571,0.487950036474267,0.000256093220327942,278,9.20529801324503e-05,"SRR8482204",2.78201987550498,0.690598611581175
"TGAAACG",3.96578164356055,4.02448566769917,0.056439146823951,1.14285714285714,0.377964473009227,0.000107568569612429,185,6.12582781456954e-05,"SRR8482204",1.75598421745695,0.283975950524511
"TGACAAA",3.44205975300746,3.95640857119583,0.560258173071252,2.42857142857143,0.534522483824849,0.000229448224924204,142,4.70198675496689e-05,"SRR8482204",4.87981436106405,0.613832314046723
"TGAGAGG",3.26795952443617,3.86758532654704,0.508164243092183,3.85714285714286,0.899735410842437,0.000362673201942895,84,2.78145695364238e-05,"SRR8482204",13.0389651174708,0.997300002838334
"TGCTGAA",3.2258498818162,4.01515010322947,0.920846115462941,2.42857142857143,0.534522483824849,0.000228459636926728,384,0.000127152317880795,"SRR8482204",1.79673985291333,0.604851964716855
"TGGAAGG",2.94955462802219,3.64865269513122,0.525189155825218,6.85714285714286,1.3451854182691,0.000646558412269243,218,7.21854304635762e-05,"SRR8482204",8.95691011492254,1.87936299508393
"TGGAATG",3.22395351413929,4.01828430842653,0.807496020545807,2.85714285714286,1.3451854182691,0.000267438542034859,196,6.49006622516556e-05,"SRR8482204",4.12073671910854,0.711035516115994
"TGGCCCT",4.01683021463918,4.02052701227456,0,1,0,9.42460719105602e-05,139,4.60264900662252e-05,"SRR8482204",2.04764846884814,0.248723611841688
"TGGCGTT",3.74659510287088,4.01237316722249,0.256245003758558,1.57142857142857,0.534522483824849,0.000147536062718037,187,6.19205298013245e-05,"SRR8482204",2.38266796475118,0.391645668520002
"TGGGGAA",3.16600100418108,3.97285055584723,0.557868527059716,4.14285714285714,1.21498579258791,0.000389159790749442,153,5.06622516556291e-05,"SRR8482204",7.68145469322429,1.04279209213135
"TGGTGGC",3.67551425929677,3.8169700377573,0.158307585822223,2.14285714285714,0.377964473009227,0.000201814641522989,453,0.00015,"SRR8482204",1.3454309434866,0.561402662756085
"TGTTCAT",4.01708085290302,4.02077548819356,0,1,0,9.42460719105602e-05,528,0.000174834437086093,"SRR8482204",0.539058971912674,0.248708241217735
"TTCAATA",3.70604494994462,3.81710240425692,0.157058958091087,2,0,0.00018849214382112,163,5.39735099337748e-05,"SRR8482204",3.49230843153241,0.52395764854764
"TTCATGG",3.57985908763826,3.92603359667884,0.432917370142744,2.14285714285714,0.377964473009227,0.000201814641522989,234,7.74834437086093e-05,"SRR8482204",2.60461631367277,0.545807133354603
"TTCCTAA",3.92601291845296,4.01957320209564,0.0438244987239068,1.28571428571429,0.487950036474267,0.000121879655311775,90,2.98013245033113e-05,"SRR8482204",4.08973954490621,0.319863383765214
"TTCCTTC",3.84061578946613,4.01994668167884,0.0596901915460116,1.57142857142857,0.534522483824849,0.000148524650715513,537,0.000177814569536424,"SRR8482204",0.835278296388918,0.39090781442213
"TTCGTTT",4.01607743051679,4.01978073040365,0,1,0,9.42460719105602e-05,296,9.80132450331126e-05,"SRR8482204",0.961564652600985,0.248769787972884
"TTCTCAC",3.66342798016649,4.02242837118549,0.243494328382657,2.14285714285714,0.899735410842437,0.000201814641522989,187,6.19205298013245e-05,"SRR8482204",3.25925249946218,0.532727234674312
"TTGAGAG",3.73068813698041,4.01258416391415,0.10548691747416,2,0.816496580927726,0.000187503555823644,96,3.17880794701987e-05,"SRR8482204",5.89854936028547,0.498431912777391
"TTGGAAG",3.61531039197116,4.01552740431379,0.220013994339324,2.42857142857143,0.786795792469443,0.000228618043523919,188,6.22516556291391e-05,"SRR8482204",3.6724813374587,0.604795132505501
"TTGGAAT",3.49881911545817,4.00017368305847,0.411271039619054,2.57142857142857,0.786795792469443,0.000241110359825503,187,6.19205298013245e-05,"SRR8482204",3.89386784317123,0.642829230720427
"TTTCAAT",4.021278356144,4.02493696803744,0,1,0,9.42460719105602e-05,298,9.86754966887417e-05,"SRR8482204",0.955111198556683,0.248451095741656
"TTTCCTA",3.88092633657625,4.01961471569142,0.0669162380588323,1.42857142857143,0.534522483824849,0.000135202153013644,114,3.77483443708609e-05,"SRR8482204",3.58167107106319,0.355400089216187
