"AAAA","AAAC","AAAG","AAAT","AACA","AACC","AACG","AACT","AAGA","AAGC","AAGG","AAGT","AATA","AATC","AATG","AATT","ACAA","ACAC","ACAG","ACAT","ACCA","ACCC","ACCG","ACCT","ACGA","ACGC","ACGG","ACGT","ACTA","ACTC","ACTG","ACTT","AGAA","AGAC","AGAG","AGAT","AGCA","AGCC","AGCG","AGCT","AGGA","AGGC","AGGG","AGGT","AGTA","AGTC","AGTG","AGTT","ATAA","ATAC","ATAG","ATAT","ATCA","ATCC","ATCG","ATCT","ATGA","ATGC","ATGG","ATGT","ATTA","ATTC","ATTG","ATTT","CAAA","CAAC","CAAG","CAAT","CACA","CACC","CACG","CACT","CAGA","CAGC","CAGG","CAGT","CATA","CATC","CATG","CATT","CCAA","CCAC","CCAG","CCAT","CCCA","CCCC","CCCG","CCCT","CCGA","CCGC","CCGG","CCGT","CCTA","CCTC","CCTG","CCTT","CGAA","CGAC","CGAG","CGAT","CGCA","CGCC","CGCG","CGCT","CGGA","CGGC","CGGG","CGGT","CGTA","CGTC","CGTG","CGTT","CTAA","CTAC","CTAG","CTAT","CTCA","CTCC","CTCG","CTCT","CTGA","CTGC","CTGG","CTGT","CTTA","CTTC","CTTG","CTTT","GAAA","GAAC","GAAG","GAAT","GACA","GACC","GACG","GACT","GAGA","GAGC","GAGG","GAGT","GATA","GATC","GATG","GATT","GCAA","GCAC","GCAG","GCAT","GCCA","GCCC","GCCG","GCCT","GCGA","GCGC","GCGG","GCGT","GCTA","GCTC","GCTG","GCTT","GGAA","GGAC","GGAG","GGAT","GGCA","GGCC","GGCG","GGCT","GGGA","GGGC","GGGG","GGGT","GGTA","GGTC","GGTG","GGTT","GTAA","GTAC","GTAG","GTAT","GTCA","GTCC","GTCG","GTCT","GTGA","GTGC","GTGG","GTGT","GTTA","GTTC","GTTG","GTTT","TAAA","TAAC","TAAG","TAAT","TACA","TACC","TACG","TACT","TAGA","TAGC","TAGG","TAGT","TATA","TATC","TATG","TATT","TCAA","TCAC","TCAG","TCAT","TCCA","TCCC","TCCG","TCCT","TCGA","TCGC","TCGG","TCGT","TCTA","TCTC","TCTG","TCTT","TGAA","TGAC","TGAG","TGAT","TGCA","TGCC","TGCG","TGCT","TGGA","TGGC","TGGG","TGGT","TGTA","TGTC","TGTG","TGTT","TTAA","TTAC","TTAG","TTAT","TTCA","TTCC","TTCG","TTCT","TTGA","TTGC","TTGG","TTGT","TTTA","TTTC","TTTG","TTTT"
14,5,15,8,6,2,2,0,15,4,4,5,7,2,3,4,9,5,5,4,2,2,2,2,3,1,1,0,2,3,0,3,16,5,9,4,3,7,1,7,8,9,4,1,3,2,4,3,3,2,4,3,2,4,1,1,3,0,5,5,1,3,4,9,10,4,10,2,5,4,0,3,5,6,8,2,4,1,2,2,4,3,7,0,5,1,1,5,0,1,2,1,0,8,12,3,0,0,2,1,1,3,1,1,0,2,2,1,0,0,5,2,2,2,0,3,7,5,1,4,1,4,10,3,2,5,6,2,15,1,2,3,7,2,3,3,6,4,8,3,1,4,3,5,4,3,6,1,4,4,1,9,0,3,1,5,4,1,6,5,5,5,5,3,7,5,6,7,8,3,5,2,3,3,11,2,0,1,8,4,2,2,0,2,7,3,11,12,2,1,2,5,3,0,1,3,5,0,0,2,8,4,2,2,1,1,5,6,6,2,3,4,3,5,0,8,0,0,1,1,1,4,2,5,0,5,5,5,3,3,1,1,1,12,7,13,6,1,13,3,2,2,4,3,5,5,1,5,4,1,7,3,6,7,3,11
14,5,15,8,6,2,2,0,15,4,4,5,7,2,3,4,9,5,5,4,2,2,2,2,3,1,1,0,2,3,0,3,16,5,9,4,3,7,1,7,8,9,4,1,3,2,4,3,3,2,4,3,2,4,1,1,3,0,5,5,1,3,4,9,10,4,10,2,5,4,0,3,5,6,8,2,4,1,2,2,4,3,7,0,5,1,1,5,0,1,2,1,0,8,12,3,0,0,2,1,1,3,1,1,0,2,2,1,0,0,5,2,2,2,0,3,7,5,1,4,1,4,10,3,2,5,6,2,15,1,2,3,7,2,3,3,6,4,8,3,1,4,3,5,4,3,6,1,4,4,1,9,0,3,1,5,4,1,6,5,5,5,5,3,7,5,6,7,8,3,5,2,3,3,11,2,0,1,8,4,2,2,0,2,7,3,11,12,2,1,2,5,3,0,1,3,5,0,0,2,8,4,2,2,1,1,5,6,6,2,3,4,3,5,0,8,0,0,1,1,1,4,2,5,0,5,5,5,3,3,1,1,1,12,7,13,6,1,13,3,2,2,4,3,5,5,1,5,4,1,7,3,6,7,3,11
14,5,15,8,6,2,2,0,15,4,4,5,7,2,3,4,9,5,5,4,2,2,2,2,3,1,1,0,2,3,0,3,16,5,9,4,3,7,1,7,8,9,4,1,3,2,4,3,3,2,4,3,2,4,1,1,3,0,5,5,1,3,4,9,10,4,10,2,5,4,0,3,5,6,8,2,4,1,2,2,4,3,7,0,5,1,1,5,0,1,2,1,0,8,12,3,0,0,2,1,1,3,1,1,0,2,2,1,0,0,5,2,2,2,0,3,7,5,1,4,1,4,10,3,2,5,6,2,15,1,2,3,7,2,3,3,6,4,8,3,1,4,3,5,4,3,6,1,4,4,1,9,0,3,1,5,4,1,6,5,5,5,5,3,7,5,6,7,8,3,5,2,3,3,11,2,0,1,8,4,2,2,0,2,7,3,11,12,2,1,2,5,3,0,1,3,5,0,0,2,8,4,2,2,1,1,5,6,6,2,3,4,3,5,0,8,0,0,1,1,1,4,2,5,0,5,5,5,3,3,1,1,1,12,7,13,6,1,13,3,2,2,4,3,5,5,1,5,4,1,7,3,6,7,3,11
14,5,15,8,6,2,2,0,15,4,4,5,7,2,3,4,9,5,5,4,2,2,2,2,3,1,1,0,2,3,0,3,16,5,9,4,3,7,1,7,8,9,4,1,3,2,4,3,3,2,4,3,2,4,1,1,3,0,5,5,1,3,4,9,10,4,10,2,5,4,0,3,5,6,8,2,4,1,2,2,4,3,7,0,5,1,1,5,0,1,2,1,0,8,12,3,0,0,2,1,1,3,1,1,0,2,2,1,0,0,5,2,2,2,0,3,7,5,1,4,1,4,10,3,2,5,6,2,15,1,2,3,7,2,3,3,6,4,8,3,1,4,3,5,4,3,6,1,4,4,1,9,0,3,1,5,4,1,6,5,5,5,5,3,7,5,6,7,8,3,5,2,3,3,11,2,0,1,8,4,2,2,0,2,7,3,11,12,2,1,2,5,3,0,1,3,5,0,0,2,8,4,2,2,1,1,5,6,6,2,3,4,3,5,0,8,0,0,1,1,1,4,2,5,0,5,5,5,3,3,1,1,1,12,7,13,6,1,13,3,2,2,4,3,5,5,1,5,4,1,7,3,6,7,3,11
14,5,15,8,6,2,2,0,15,4,4,5,7,2,3,4,9,5,5,4,2,2,2,2,3,1,1,0,2,3,0,3,16,5,9,4,3,7,1,7,8,9,4,1,3,2,4,3,3,2,4,3,2,4,1,1,3,0,5,5,1,3,4,9,10,4,10,2,5,4,0,3,5,6,8,2,4,1,2,2,4,3,7,0,5,1,1,5,0,1,2,1,0,8,12,3,0,0,2,1,1,3,1,1,0,2,2,1,0,0,5,2,2,2,0,3,7,5,1,4,1,4,10,3,2,5,6,2,15,1,2,3,7,2,3,3,6,4,8,3,1,4,3,5,4,3,6,1,4,4,1,9,0,3,1,5,4,1,6,5,5,5,5,3,7,5,6,7,8,3,5,2,3,3,11,2,0,1,8,4,2,2,0,2,7,3,11,12,2,1,2,5,3,0,1,3,5,0,0,2,8,4,2,2,1,1,5,6,6,2,3,4,3,5,0,8,0,0,1,1,1,4,2,5,0,5,5,5,3,3,1,1,1,12,7,13,6,1,13,3,2,2,4,3,5,5,1,5,4,1,7,3,6,7,3,11
14,5,15,8,6,2,2,0,15,4,4,5,7,2,3,4,9,5,5,4,2,2,2,2,3,1,1,0,2,3,0,3,16,5,9,4,3,7,1,7,8,9,4,1,3,2,4,3,3,2,4,3,2,4,1,1,3,0,5,5,1,3,4,9,10,4,10,2,5,4,0,3,5,6,8,2,4,1,2,2,4,3,7,0,5,1,1,5,0,1,2,1,0,8,12,3,0,0,2,1,1,3,1,1,0,2,2,1,0,0,5,2,2,2,0,3,7,5,1,4,1,4,10,3,2,5,6,2,15,1,2,3,7,2,3,3,6,4,8,3,1,4,3,5,4,3,6,1,4,4,1,9,0,3,1,5,4,1,6,5,5,5,5,3,7,5,6,7,8,3,5,2,3,3,11,2,0,1,8,4,2,2,0,2,7,3,11,12,2,1,2,5,3,0,1,3,5,0,0,2,8,4,2,2,1,1,5,6,6,2,3,4,3,5,0,8,0,0,1,1,1,4,2,5,0,5,5,5,3,3,1,1,1,12,7,13,6,1,13,3,2,2,4,3,5,5,1,5,4,1,7,3,6,7,3,11
14,5,15,8,6,2,2,0,15,4,4,5,7,2,3,4,9,5,5,4,2,2,2,2,3,1,1,0,2,3,0,3,16,5,9,4,3,7,1,7,8,9,4,1,3,2,4,3,3,2,4,3,2,4,1,1,3,0,5,5,1,3,4,9,10,4,10,2,5,4,0,3,5,6,8,2,4,1,2,2,4,3,7,0,5,1,1,5,0,1,2,1,0,8,12,3,0,0,2,1,1,3,1,1,0,2,2,1,0,0,5,2,2,2,0,3,7,5,1,4,1,4,10,3,2,5,6,2,15,1,2,3,7,2,3,3,6,4,8,3,1,4,3,5,4,3,6,1,4,4,1,9,0,3,1,5,4,1,6,5,5,5,5,3,7,5,6,7,8,3,5,2,3,3,11,2,0,1,8,4,2,2,0,2,7,3,11,12,2,1,2,5,3,0,1,3,5,0,0,2,8,4,2,2,1,1,5,6,6,2,3,4,3,5,0,8,0,0,1,1,1,4,2,5,0,5,5,5,3,3,1,1,1,12,7,13,6,1,13,3,2,2,4,3,5,5,1,5,4,1,7,3,6,7,3,11
14,5,15,8,6,2,2,0,15,4,4,5,7,2,3,4,9,5,5,4,2,2,2,2,3,1,1,0,2,3,0,3,16,5,9,4,3,7,1,7,8,9,4,1,3,2,4,3,3,2,4,3,2,4,1,1,3,0,5,5,1,3,4,9,10,4,10,2,5,4,0,3,5,6,8,2,4,1,2,2,4,3,7,0,5,1,1,5,0,1,2,1,0,8,12,3,0,0,2,1,1,3,1,1,0,2,2,1,0,0,5,2,2,2,0,3,7,5,1,4,1,4,10,3,2,5,6,2,15,1,2,3,7,2,3,3,6,4,8,3,1,4,3,5,4,3,6,1,4,4,1,9,0,3,1,5,4,1,6,5,5,5,5,3,7,5,6,7,8,3,5,2,3,3,11,2,0,1,8,4,2,2,0,2,7,3,11,12,2,1,2,5,3,0,1,3,5,0,0,2,8,4,2,2,1,1,5,6,6,2,3,4,3,5,0,8,0,0,1,1,1,4,2,5,0,5,5,5,3,3,1,1,1,12,7,13,6,1,13,3,2,2,4,3,5,5,1,5,4,1,7,3,6,7,3,11
14,5,15,8,6,2,2,0,15,4,4,5,7,2,3,4,9,5,5,4,2,2,2,2,3,1,1,0,2,3,0,3,16,5,9,4,3,7,1,7,8,9,4,1,3,2,4,3,3,2,4,3,2,4,1,1,3,0,5,5,1,3,4,9,10,4,10,2,5,4,0,3,5,6,8,2,4,1,2,2,4,3,7,0,5,1,1,5,0,1,2,1,0,8,12,3,0,0,2,1,1,3,1,1,0,2,2,1,0,0,5,2,2,2,0,3,7,5,1,4,1,4,10,3,2,5,6,2,15,1,2,3,7,2,3,3,6,4,8,3,1,4,3,5,4,3,6,1,4,4,1,9,0,3,1,5,4,1,6,5,5,5,5,3,7,5,6,7,8,3,5,2,3,3,11,2,0,1,8,4,2,2,0,2,7,3,11,12,2,1,2,5,3,0,1,3,5,0,0,2,8,4,2,2,1,1,5,6,6,2,3,4,3,5,0,8,0,0,1,1,1,4,2,5,0,5,5,5,3,3,1,1,1,12,7,13,6,1,13,3,2,2,4,3,5,5,1,5,4,1,7,3,6,7,3,11
14,5,15,8,6,2,2,0,15,4,4,5,7,2,3,4,9,5,5,4,2,2,2,2,3,1,1,0,2,3,0,3,16,5,9,4,3,7,1,7,8,9,4,1,3,2,4,3,3,2,4,3,2,4,1,1,3,0,5,5,1,3,4,9,10,4,10,2,5,4,0,3,5,6,8,2,4,1,2,2,4,3,7,0,5,1,1,5,0,1,2,1,0,8,12,3,0,0,2,1,1,3,1,1,0,2,2,1,0,0,5,2,2,2,0,3,7,5,1,4,1,4,10,3,2,5,6,2,15,1,2,3,7,2,3,3,6,4,8,3,1,4,3,5,4,3,6,1,4,4,1,9,0,3,1,5,4,1,6,5,5,5,5,3,7,5,6,7,8,3,5,2,3,3,11,2,0,1,8,4,2,2,0,2,7,3,11,12,2,1,2,5,3,0,1,3,5,0,0,2,8,4,2,2,1,1,5,6,6,2,3,4,3,5,0,8,0,0,1,1,1,4,2,5,0,5,5,5,3,3,1,1,1,12,7,13,6,1,13,3,2,2,4,3,5,5,1,5,4,1,7,3,6,7,3,11
14,5,15,8,6,2,2,0,15,4,4,5,7,2,3,4,9,5,5,4,2,2,2,2,3,1,1,0,2,3,0,3,16,5,9,4,3,7,1,7,8,9,4,1,3,2,4,3,3,2,4,3,2,4,1,1,3,0,5,5,1,3,4,9,10,4,10,2,5,4,0,3,5,6,8,2,4,1,2,2,4,3,7,0,5,1,1,5,0,1,2,1,0,8,12,3,0,0,2,1,1,3,1,1,0,2,2,1,0,0,5,2,2,2,0,3,7,5,1,4,1,4,10,3,2,5,6,2,15,1,2,3,7,2,3,3,6,4,8,3,1,4,3,5,4,3,6,1,4,4,1,9,0,3,1,5,4,1,6,5,5,5,5,3,7,5,6,7,8,3,5,2,3,3,11,2,0,1,8,4,2,2,0,2,7,3,11,12,2,1,2,5,3,0,1,3,5,0,0,2,8,4,2,2,1,1,5,6,6,2,3,4,3,5,0,8,0,0,1,1,1,4,2,5,0,5,5,5,3,3,1,1,1,12,7,13,6,1,13,3,2,2,4,3,5,5,1,5,4,1,7,3,6,7,3,11
14,5,15,8,6,2,2,0,15,4,4,5,7,2,3,4,9,5,5,4,2,2,2,2,3,1,1,0,2,3,0,3,16,5,9,4,3,7,1,7,8,9,4,1,3,2,4,3,3,2,4,3,2,4,1,1,3,0,5,5,1,3,4,9,10,4,10,2,5,4,0,3,5,6,8,2,4,1,2,2,4,3,7,0,5,1,1,5,0,1,2,1,0,8,12,3,0,0,2,1,1,3,1,1,0,2,2,1,0,0,5,2,2,2,0,3,7,5,1,4,1,4,10,3,2,5,6,2,15,1,2,3,7,2,3,3,6,4,8,3,1,4,3,5,4,3,6,1,4,4,1,9,0,3,1,5,4,1,6,5,5,5,5,3,7,5,6,7,8,3,5,2,3,3,11,2,0,1,8,4,2,2,0,2,7,3,11,12,2,1,2,5,3,0,1,3,5,0,0,2,8,4,2,2,1,1,5,6,6,2,3,4,3,5,0,8,0,0,1,1,1,4,2,5,0,5,5,5,3,3,1,1,1,12,7,13,6,1,13,3,2,2,4,3,5,5,1,5,4,1,7,3,6,7,3,11
14,5,15,8,6,2,2,0,15,4,4,5,7,2,3,4,9,5,5,4,2,2,2,2,3,1,1,0,2,3,0,3,16,5,9,4,3,7,1,7,8,9,4,1,3,2,4,3,3,2,4,3,2,4,1,1,3,0,5,5,1,3,4,9,10,4,10,2,5,4,0,3,5,6,8,2,4,1,2,2,4,3,7,0,5,1,1,5,0,1,2,1,0,8,12,3,0,0,2,1,1,3,1,1,0,2,2,1,0,0,5,2,2,2,0,3,7,5,1,4,1,4,10,3,2,5,6,2,15,1,2,3,7,2,3,3,6,4,8,3,1,4,3,5,4,3,6,1,4,4,1,9,0,3,1,5,4,1,6,5,5,5,5,3,7,5,6,7,8,3,5,2,3,3,11,2,0,1,8,4,2,2,0,2,7,3,11,12,2,1,2,5,3,0,1,3,5,0,0,2,8,4,2,2,1,1,5,6,6,2,3,4,3,5,0,8,0,0,1,1,1,4,2,5,0,5,5,5,3,3,1,1,1,12,7,13,6,1,13,3,2,2,4,3,5,5,1,5,4,1,7,3,6,7,3,11
14,5,15,8,6,2,2,0,15,4,4,5,7,2,3,4,9,5,5,4,2,2,2,2,3,1,1,0,2,3,0,3,16,5,9,4,3,7,1,7,8,9,4,1,3,2,4,3,3,2,4,3,2,4,1,1,3,0,5,5,1,3,4,9,10,4,10,2,5,4,0,3,5,6,8,2,4,1,2,2,4,3,7,0,5,1,1,5,0,1,2,1,0,8,12,3,0,0,2,1,1,3,1,1,0,2,2,1,0,0,5,2,2,2,0,3,7,5,1,4,1,4,10,3,2,5,6,2,15,1,2,3,7,2,3,3,6,4,8,3,1,4,3,5,4,3,6,1,4,4,1,9,0,3,1,5,4,1,6,5,5,5,5,3,7,5,6,7,8,3,5,2,3,3,11,2,0,1,8,4,2,2,0,2,7,3,11,12,2,1,2,5,3,0,1,3,5,0,0,2,8,4,2,2,1,1,5,6,6,2,3,4,3,5,0,8,0,0,1,1,1,4,2,5,0,5,5,5,3,3,1,1,1,12,7,13,6,1,13,3,2,2,4,3,5,5,1,5,4,1,7,3,6,7,3,11
14,5,15,8,6,2,2,0,15,4,4,5,7,2,3,4,9,5,5,4,2,2,2,2,3,1,1,0,2,3,0,3,16,5,9,4,3,7,1,7,8,9,4,1,3,2,4,3,3,2,4,3,2,4,1,1,3,0,5,5,1,3,4,9,10,4,10,2,5,4,0,3,5,6,8,2,4,1,2,2,4,3,7,0,5,1,1,5,0,1,2,1,0,8,12,3,0,0,2,1,1,3,1,1,0,2,2,1,0,0,5,2,2,2,0,3,7,5,1,4,1,4,10,3,2,5,6,2,15,1,2,3,7,2,3,3,6,4,8,3,1,4,3,5,4,3,6,1,4,4,1,9,0,3,1,5,4,1,6,5,5,5,5,3,7,5,6,7,8,3,5,2,3,3,11,2,0,1,8,4,2,2,0,2,7,3,11,12,2,1,2,5,3,0,1,3,5,0,0,2,8,4,2,2,1,1,5,6,6,2,3,4,3,5,0,8,0,0,1,1,1,4,2,5,0,5,5,5,3,3,1,1,1,12,7,13,6,1,13,3,2,2,4,3,5,5,1,5,4,1,7,3,6,7,3,11
14,5,15,8,6,2,2,0,15,4,4,5,7,2,3,4,9,5,5,4,2,2,2,2,3,1,1,0,2,3,0,3,16,5,9,4,3,7,1,7,8,9,4,1,3,2,4,3,3,2,4,3,2,4,1,1,3,0,5,5,1,3,4,9,10,4,10,2,5,4,0,3,5,6,8,2,4,1,2,2,4,3,7,0,5,1,1,5,0,1,2,1,0,8,12,3,0,0,2,1,1,3,1,1,0,2,2,1,0,0,5,2,2,2,0,3,7,5,1,4,1,4,10,3,2,5,6,2,15,1,2,3,7,2,3,3,6,4,8,3,1,4,3,5,4,3,6,1,4,4,1,9,0,3,1,5,4,1,6,5,5,5,5,3,7,5,6,7,8,3,5,2,3,3,11,2,0,1,8,4,2,2,0,2,7,3,11,12,2,1,2,5,3,0,1,3,5,0,0,2,8,4,2,2,1,1,5,6,6,2,3,4,3,5,0,8,0,0,1,1,1,4,2,5,0,5,5,5,3,3,1,1,1,12,7,13,6,1,13,3,2,2,4,3,5,5,1,5,4,1,7,3,6,7,3,11
14,5,15,8,6,2,2,0,15,4,4,5,7,2,3,4,9,5,5,4,2,2,2,2,3,1,1,0,2,3,0,3,16,5,9,4,3,7,1,7,8,9,4,1,3,2,4,3,3,2,4,3,2,4,1,1,3,0,5,5,1,3,4,9,10,4,10,2,5,4,0,3,5,6,8,2,4,1,2,2,4,3,7,0,5,1,1,5,0,1,2,1,0,8,12,3,0,0,2,1,1,3,1,1,0,2,2,1,0,0,5,2,2,2,0,3,7,5,1,4,1,4,10,3,2,5,6,2,15,1,2,3,7,2,3,3,6,4,8,3,1,4,3,5,4,3,6,1,4,4,1,9,0,3,1,5,4,1,6,5,5,5,5,3,7,5,6,7,8,3,5,2,3,3,11,2,0,1,8,4,2,2,0,2,7,3,11,12,2,1,2,5,3,0,1,3,5,0,0,2,8,4,2,2,1,1,5,6,6,2,3,4,3,5,0,8,0,0,1,1,1,4,2,5,0,5,5,5,3,3,1,1,1,12,7,13,6,1,13,3,2,2,4,3,5,5,1,5,4,1,7,3,6,7,3,11
14,5,15,8,6,2,2,0,15,4,4,5,7,2,3,4,9,5,5,4,2,2,2,2,3,1,1,0,2,3,0,3,16,5,9,4,3,7,1,7,8,9,4,1,3,2,4,3,3,2,4,3,2,4,1,1,3,0,5,5,1,3,4,9,10,4,10,2,5,4,0,3,5,6,8,2,4,1,2,2,4,3,7,0,5,1,1,5,0,1,2,1,0,8,12,3,0,0,2,1,1,3,1,1,0,2,2,1,0,0,5,2,2,2,0,3,7,5,1,4,1,4,10,3,2,5,6,2,15,1,2,3,7,2,3,3,6,4,8,3,1,4,3,5,4,3,6,1,4,4,1,9,0,3,1,5,4,1,6,5,5,5,5,3,7,5,6,7,8,3,5,2,3,3,11,2,0,1,8,4,2,2,0,2,7,3,11,12,2,1,2,5,3,0,1,3,5,0,0,2,8,4,2,2,1,1,5,6,6,2,3,4,3,5,0,8,0,0,1,1,1,4,2,5,0,5,5,5,3,3,1,1,1,12,7,13,6,1,13,3,2,2,4,3,5,5,1,5,4,1,7,3,6,7,3,11
14,5,15,8,6,2,2,0,15,4,4,5,7,2,3,4,9,5,5,4,2,2,2,2,3,1,1,0,2,3,0,3,16,5,9,4,3,7,1,7,8,9,4,1,3,2,4,3,3,2,4,3,2,4,1,1,3,0,5,5,1,3,4,9,10,4,10,2,5,4,0,3,5,6,8,2,4,1,2,2,4,3,7,0,5,1,1,5,0,1,2,1,0,8,12,3,0,0,2,1,1,3,1,1,0,2,2,1,0,0,5,2,2,2,0,3,7,5,1,4,1,4,10,3,2,5,6,2,15,1,2,3,7,2,3,3,6,4,8,3,1,4,3,5,4,3,6,1,4,4,1,9,0,3,1,5,4,1,6,5,5,5,5,3,7,5,6,7,8,3,5,2,3,3,11,2,0,1,8,4,2,2,0,2,7,3,11,12,2,1,2,5,3,0,1,3,5,0,0,2,8,4,2,2,1,1,5,6,6,2,3,4,3,5,0,8,0,0,1,1,1,4,2,5,0,5,5,5,3,3,1,1,1,12,7,13,6,1,13,3,2,2,4,3,5,5,1,5,4,1,7,3,6,7,3,11
14,5,15,8,6,2,2,0,15,4,4,5,7,2,3,4,9,5,5,4,2,2,2,2,3,1,1,0,2,3,0,3,16,5,9,4,3,7,1,7,8,9,4,1,3,2,4,3,3,2,4,3,2,4,1,1,3,0,5,5,1,3,4,9,10,4,10,2,5,4,0,3,5,6,8,2,4,1,2,2,4,3,7,0,5,1,1,5,0,1,2,1,0,8,12,3,0,0,2,1,1,3,1,1,0,2,2,1,0,0,5,2,2,2,0,3,7,5,1,4,1,4,10,3,2,5,6,2,15,1,2,3,7,2,3,3,6,4,8,3,1,4,3,5,4,3,6,1,4,4,1,9,0,3,1,5,4,1,6,5,5,5,5,3,7,5,6,7,8,3,5,2,3,3,11,2,0,1,8,4,2,2,0,2,7,3,11,12,2,1,2,5,3,0,1,3,5,0,0,2,8,4,2,2,1,1,5,6,6,2,3,4,3,5,0,8,0,0,1,1,1,4,2,5,0,5,5,5,3,3,1,1,1,12,7,13,6,1,13,3,2,2,4,3,5,5,1,5,4,1,7,3,6,7,3,11
14,5,15,8,6,2,2,0,15,4,4,5,7,2,3,4,9,5,5,4,2,2,2,2,3,1,1,0,2,3,0,3,16,5,9,4,3,7,1,7,8,9,4,1,3,2,4,3,3,2,4,3,2,4,1,1,3,0,5,5,1,3,4,9,10,4,10,2,5,4,0,3,5,6,8,2,4,1,2,2,4,3,7,0,5,1,1,5,0,1,2,1,0,8,12,3,0,0,2,1,1,3,1,1,0,2,2,1,0,0,5,2,2,2,0,3,7,5,1,4,1,4,10,3,2,5,6,2,15,1,2,3,7,2,3,3,6,4,8,3,1,4,3,5,4,3,6,1,4,4,1,9,0,3,1,5,4,1,6,5,5,5,5,3,7,5,6,7,8,3,5,2,3,3,11,2,0,1,8,4,2,2,0,2,7,3,11,12,2,1,2,5,3,0,1,3,5,0,0,2,8,4,2,2,1,1,5,6,6,2,3,4,3,5,0,8,0,0,1,1,1,4,2,5,0,5,5,5,3,3,1,1,1,12,7,13,6,1,13,3,2,2,4,3,5,5,1,5,4,1,7,3,6,7,3,11
14,5,15,8,6,2,2,0,15,4,4,5,7,2,3,4,9,5,5,4,2,2,2,2,3,1,1,0,2,3,0,3,16,5,9,4,3,7,1,7,8,9,4,1,3,2,4,3,3,2,4,3,2,4,1,1,3,0,5,5,1,3,4,9,10,4,10,2,5,4,0,3,5,6,8,2,4,1,2,2,4,3,7,0,5,1,1,5,0,1,2,1,0,8,12,3,0,0,2,1,1,3,1,1,0,2,2,1,0,0,5,2,2,2,0,3,7,5,1,4,1,4,10,3,2,5,6,2,15,1,2,3,7,2,3,3,6,4,8,3,1,4,3,5,4,3,6,1,4,4,1,9,0,3,1,5,4,1,6,5,5,5,5,3,7,5,6,7,8,3,5,2,3,3,11,2,0,1,8,4,2,2,0,2,7,3,11,12,2,1,2,5,3,0,1,3,5,0,0,2,8,4,2,2,1,1,5,6,6,2,3,4,3,5,0,8,0,0,1,1,1,4,2,5,0,5,5,5,3,3,1,1,1,12,7,13,6,1,13,3,2,2,4,3,5,5,1,5,4,1,7,3,6,7,3,11
14,5,15,8,6,2,2,0,15,4,4,5,7,2,3,4,9,5,5,4,2,2,2,2,3,1,1,0,2,3,0,3,16,5,9,4,3,7,1,7,8,9,4,1,3,2,4,3,3,2,4,3,2,4,1,1,3,0,5,5,1,3,4,9,10,4,10,2,5,4,0,3,5,6,8,2,4,1,2,2,4,3,7,0,5,1,1,5,0,1,2,1,0,8,12,3,0,0,2,1,1,3,1,1,0,2,2,1,0,0,5,2,2,2,0,3,7,5,1,4,1,4,10,3,2,5,6,2,15,1,2,3,7,2,3,3,6,4,8,3,1,4,3,5,4,3,6,1,4,4,1,9,0,3,1,5,4,1,6,5,5,5,5,3,7,5,6,7,8,3,5,2,3,3,11,2,0,1,8,4,2,2,0,2,7,3,11,12,2,1,2,5,3,0,1,3,5,0,0,2,8,4,2,2,1,1,5,6,6,2,3,4,3,5,0,8,0,0,1,1,1,4,2,5,0,5,5,5,3,3,1,1,1,12,7,13,6,1,13,3,2,2,4,3,5,5,1,5,4,1,7,3,6,7,3,11
14,5,15,8,6,2,2,0,15,4,4,5,7,2,3,4,9,5,5,4,2,2,2,2,3,1,1,0,2,3,0,3,16,5,9,4,3,7,1,7,8,9,4,1,3,2,4,3,3,2,4,3,2,4,1,1,3,0,5,5,1,3,4,9,10,4,10,2,5,4,0,3,5,6,8,2,4,1,2,2,4,3,7,0,5,1,1,5,0,1,2,1,0,8,12,3,0,0,2,1,1,3,1,1,0,2,2,1,0,0,5,2,2,2,0,3,7,5,1,4,1,4,10,3,2,5,6,2,15,1,2,3,7,2,3,3,6,4,8,3,1,4,3,5,4,3,6,1,4,4,1,9,0,3,1,5,4,1,6,5,5,5,5,3,7,5,6,7,8,3,5,2,3,3,11,2,0,1,8,4,2,2,0,2,7,3,11,12,2,1,2,5,3,0,1,3,5,0,0,2,8,4,2,2,1,1,5,6,6,2,3,4,3,5,0,8,0,0,1,1,1,4,2,5,0,5,5,5,3,3,1,1,1,12,7,13,6,1,13,3,2,2,4,3,5,5,1,5,4,1,7,3,6,7,3,11
14,5,15,8,6,2,2,0,15,4,4,5,7,2,3,4,9,5,5,4,2,2,2,2,3,1,1,0,2,3,0,3,16,5,9,4,3,7,1,7,8,9,4,1,3,2,4,3,3,2,4,3,2,4,1,1,3,0,5,5,1,3,4,9,10,4,10,2,5,4,0,3,5,6,8,2,4,1,2,2,4,3,7,0,5,1,1,5,0,1,2,1,0,8,12,3,0,0,2,1,1,3,1,1,0,2,2,1,0,0,5,2,2,2,0,3,7,5,1,4,1,4,10,3,2,5,6,2,15,1,2,3,7,2,3,3,6,4,8,3,1,4,3,5,4,3,6,1,4,4,1,9,0,3,1,5,4,1,6,5,5,5,5,3,7,5,6,7,8,3,5,2,3,3,11,2,0,1,8,4,2,2,0,2,7,3,11,12,2,1,2,5,3,0,1,3,5,0,0,2,8,4,2,2,1,1,5,6,6,2,3,4,3,5,0,8,0,0,1,1,1,4,2,5,0,5,5,5,3,3,1,1,1,12,7,13,6,1,13,3,2,2,4,3,5,5,1,5,4,1,7,3,6,7,3,11
14,5,15,8,6,2,2,0,15,4,4,5,7,2,3,4,9,5,5,4,2,2,2,2,3,1,1,0,2,3,0,3,16,5,9,4,3,7,1,7,8,9,4,1,3,2,4,3,3,2,4,3,2,4,1,1,3,0,5,5,1,3,4,9,10,4,10,2,5,4,0,3,5,6,8,2,4,1,2,2,4,3,7,0,5,1,1,5,0,1,2,1,0,8,12,3,0,0,2,1,1,3,1,1,0,2,2,1,0,0,5,2,2,2,0,3,7,5,1,4,1,4,10,3,2,5,6,2,15,1,2,3,7,2,3,3,6,4,8,3,1,4,3,5,4,3,6,1,4,4,1,9,0,3,1,5,4,1,6,5,5,5,5,3,7,5,6,7,8,3,5,2,3,3,11,2,0,1,8,4,2,2,0,2,7,3,11,12,2,1,2,5,3,0,1,3,5,0,0,2,8,4,2,2,1,1,5,6,6,2,3,4,3,5,0,8,0,0,1,1,1,4,2,5,0,5,5,5,3,3,1,1,1,12,7,13,6,1,13,3,2,2,4,3,5,5,1,5,4,1,7,3,6,7,3,11
14,5,15,8,6,2,2,0,15,4,4,5,7,2,3,4,9,5,5,4,2,2,2,2,3,1,1,0,2,3,0,3,16,5,9,4,3,7,1,7,8,9,4,1,3,2,4,3,3,2,4,3,2,4,1,1,3,0,5,5,1,3,4,9,10,4,10,2,5,4,0,3,5,6,8,2,4,1,2,2,4,3,7,0,5,1,1,5,0,1,2,1,0,8,12,3,0,0,2,1,1,3,1,1,0,2,2,1,0,0,5,2,2,2,0,3,7,5,1,4,1,4,10,3,2,5,6,2,15,1,2,3,7,2,3,3,6,4,8,3,1,4,3,5,4,3,6,1,4,4,1,9,0,3,1,5,4,1,6,5,5,5,5,3,7,5,6,7,8,3,5,2,3,3,11,2,0,1,8,4,2,2,0,2,7,3,11,12,2,1,2,5,3,0,1,3,5,0,0,2,8,4,2,2,1,1,5,6,6,2,3,4,3,5,0,8,0,0,1,1,1,4,2,5,0,5,5,5,3,3,1,1,1,12,7,13,6,1,13,3,2,2,4,3,5,5,1,5,4,1,7,3,6,7,3,11
14,5,15,8,6,2,2,0,15,4,4,5,7,2,3,4,9,5,5,4,2,2,2,2,3,1,1,0,2,3,0,3,16,5,9,4,3,7,1,7,8,9,4,1,3,2,4,3,3,2,4,3,2,4,1,1,3,0,5,5,1,3,4,9,10,4,10,2,5,4,0,3,5,6,8,2,4,1,2,2,4,3,7,0,5,1,1,5,0,1,2,1,0,8,12,3,0,0,2,1,1,3,1,1,0,2,2,1,0,0,5,2,2,2,0,3,7,5,1,4,1,4,10,3,2,5,6,2,15,1,2,3,7,2,3,3,6,4,8,3,1,4,3,5,4,3,6,1,4,4,1,9,0,3,1,5,4,1,6,5,5,5,5,3,7,5,6,7,8,3,5,2,3,3,11,2,0,1,8,4,2,2,0,2,7,3,11,12,2,1,2,5,3,0,1,3,5,0,0,2,8,4,2,2,1,1,5,6,6,2,3,4,3,5,0,8,0,0,1,1,1,4,2,5,0,5,5,5,3,3,1,1,1,12,7,13,6,1,13,3,2,2,4,3,5,5,1,5,4,1,7,3,6,7,3,11
14,5,15,8,6,2,2,0,15,4,4,5,7,2,3,4,9,5,5,4,2,2,2,2,3,1,1,0,2,3,0,3,16,5,9,4,3,7,1,7,8,9,4,1,3,2,4,3,3,2,4,3,2,4,1,1,3,0,5,5,1,3,4,9,10,4,10,2,5,4,0,3,5,6,8,2,4,1,2,2,4,3,7,0,5,1,1,5,0,1,2,1,0,8,12,3,0,0,2,1,1,3,1,1,0,2,2,1,0,0,5,2,2,2,0,3,7,5,1,4,1,4,10,3,2,5,6,2,15,1,2,3,7,2,3,3,6,4,8,3,1,4,3,5,4,3,6,1,4,4,1,9,0,3,1,5,4,1,6,5,5,5,5,3,7,5,6,7,8,3,5,2,3,3,11,2,0,1,8,4,2,2,0,2,7,3,11,12,2,1,2,5,3,0,1,3,5,0,0,2,8,4,2,2,1,1,5,6,6,2,3,4,3,5,0,8,0,0,1,1,1,4,2,5,0,5,5,5,3,3,1,1,1,12,7,13,6,1,13,3,2,2,4,3,5,5,1,5,4,1,7,3,6,7,3,11
14,5,15,8,6,2,2,0,15,4,4,5,7,2,3,4,9,5,5,4,2,2,2,2,3,1,1,0,2,3,0,3,16,5,9,4,3,7,1,7,8,9,4,1,3,2,4,3,3,2,4,3,2,4,1,1,3,0,5,5,1,3,4,9,10,4,10,2,5,4,0,3,5,6,8,2,4,1,2,2,4,3,7,0,5,1,1,5,0,1,2,1,0,8,12,3,0,0,2,1,1,3,1,1,0,2,2,1,0,0,5,2,2,2,0,3,7,5,1,4,1,4,10,3,2,5,6,2,15,1,2,3,7,2,3,3,6,4,8,3,1,4,3,5,4,3,6,1,4,4,1,9,0,3,1,5,4,1,6,5,5,5,5,3,7,5,6,7,8,3,5,2,3,3,11,2,0,1,8,4,2,2,0,2,7,3,11,12,2,1,2,5,3,0,1,3,5,0,0,2,8,4,2,2,1,1,5,6,6,2,3,4,3,5,0,8,0,0,1,1,1,4,2,5,0,5,5,5,3,3,1,1,1,12,7,13,6,1,13,3,2,2,4,3,5,5,1,5,4,1,7,3,6,7,3,11
14,5,15,8,6,2,2,0,15,4,4,5,7,2,3,4,9,5,5,4,2,2,2,2,3,1,1,0,2,3,0,3,16,5,9,4,3,7,1,7,8,9,4,1,3,2,4,3,3,2,4,3,2,4,1,1,3,0,5,5,1,3,4,9,10,4,10,2,5,4,0,3,5,6,8,2,4,1,2,2,4,3,7,0,5,1,1,5,0,1,2,1,0,8,12,3,0,0,2,1,1,3,1,1,0,2,2,1,0,0,5,2,2,2,0,3,7,5,1,4,1,4,10,3,2,5,6,2,15,1,2,3,7,2,3,3,6,4,8,3,1,4,3,5,4,3,6,1,4,4,1,9,0,3,1,5,4,1,6,5,5,5,5,3,7,5,6,7,8,3,5,2,3,3,11,2,0,1,8,4,2,2,0,2,7,3,11,12,2,1,2,5,3,0,1,3,5,0,0,2,8,4,2,2,1,1,5,6,6,2,3,4,3,5,0,8,0,0,1,1,1,4,2,5,0,5,5,5,3,3,1,1,1,12,7,13,6,1,13,3,2,2,4,3,5,5,1,5,4,1,7,3,6,7,3,11
