"","Kmer","mean","sd","t_stat","p_val","first_appearance"
"1","AAAAAC",2.82059601037478,0.636571702389734,-4.98676947973246,4.47788203694418e-06,92
"2","AAAACC",3.29973029602936,0.539906711527647,-0.551328139404268,0.587949341722356,93
"3","AAACCA",2.97834832709413,0.623834700985712,-3.19264925178173,0.00261988281887087,74
"4","AAACCG",4.03388083708775,0.0031512296294203,11.8059650687722,1.3098635512383e-20,94
"5","AACAAT",3.51590673656972,0.216733907179732,1.69916656823978,0.095758541361307,21
"6","AACACA",3.22106047126387,0.450763966051773,-1.37642520337513,0.179128835299671,28
"7","AACCAG",3.08212753217176,0.659392335725516,-2.10042276659603,0.0434413116270046,75
"8","AACCGG",3.53547398598952,0.142263195029881,2.30985579466731,0.0232834496305992,95
"9","AAGAAA",2.59010788667178,0.682595454609303,-7.43226608193941,4.53380981478025e-11,71
"10","AAGATC",3.20149733771437,0.272195063743799,-2.41764868228072,0.0175098604077074,56
"11","AATAAC",4.03692315165324,0.0031291834850184,11.8611498711108,9.97653954529304e-21,18
"12","AATTAA",4.03668374228203,0.0031309127484614,11.8568072134054,1.01925144667564e-20,24
"13","ACAATT",4.03676356007138,0.00313033611498555,11.858255032169,1.01199933168494e-20,22
"14","ACACAG",2.77601631363131,0.866431262596173,-3.61944751587791,0.000892807180792073,29
"15","ACAGTG",3.73523353506354,0.0120076838450299,6.38105792388833,5.54339935497103e-09,31
"16","ACCAGG",2.99502640779162,0.565329823580972,-3.47255567713184,0.00100242291912229,76
"17","ACCGGG",4.03380048765681,0.00315181398697922,11.8045076001729,1.31932079422111e-20,96
"18","ACGAAG",3.3361130289512,0.274882563169564,-0.560271523679424,0.577566122227935,53
"19","AGAAAC",2.93994626185134,0.393155623257442,-5.56012478310887,1.61697575382039e-07,72
"20","AGATCT",3.59176059312588,0.391698632185409,1.54411434130231,0.146770671618753,57
"21","AGCACG",4.03564477382851,0.00313842836261172,11.8379612981242,1.11854704338204e-20,50
"22","AGCTGT",2.81338494082609,0.824976966324919,-2.88630234427384,0.00879006716198229,39
"23","AGGAGG",2.77081446095829,0.427462899713313,-7.87000811126966,6.52958853305788e-13,79
"24","AGGATT",3.68412050086237,0.228553998782871,3.31858120552605,0.00313956656308489,12
"25","AGGGCC",4.03436262173346,0.00314772802946958,11.8147042183302,1.25456620841764e-20,82
"26","AGTGCG",3.71439458150574,0.143231481619688,4.65143602245206,2.77699066415586e-05,33
"27","AGTGTT",2.96777607085312,0.398569959350755,-4.95035149412405,3.052785208217e-06,2
"28","ATAACA",3.69459585238377,0.202729068447184,3.69145643747644,0.00104123192868621,19
"29","ATCTCG",3.52839680103925,0.163736927643269,2.1008042468691,0.0391344322803035,59
"30","ATGTCT",3.16200206965367,0.661961479789765,-1.39514789425548,0.175463723486825,65
"31","ATTAAC",4.03664382788539,0.00313120114487437,11.8560832041576,1.02289753632187e-20,25
"32","ATTAAT",2.83426326921196,0.916712238163803,-2.25530068158511,0.0389053289259631,15
"33","CAATTA",3.4935340212253,0.267437063633495,1.25758050395335,0.216747425673602,23
"34","CACAGT",3.73527251171951,0.0120460762383349,6.38166642662933,5.52690414694267e-09,30
"35","CACGAA",3.19962572738488,0.373791543530713,-1.94108967284962,0.0578779344963686,52
"36","CAGGAG",2.88317875086667,0.450691566665904,-5.66440047885763,1.52099377148823e-07,78
"37","CAGTGC",3.19897454065085,0.407710385361262,-1.86300020489678,0.068520053795486,32
"38","CCAGGA",2.87596208508655,0.427688002073287,-6.04443264538921,2.0618171603658e-08,77
"39","CCCGGT",4.03420208623206,0.00314889436446374,11.811792246296,1.27272668060217e-20,86
"40","CCGGGC",3.50005018511678,0.604147535813326,0.563519539206361,0.586492807974788,97
"41","CCGGTA",3.73284367329399,0.0169272097958678,6.32313723313638,7.08455218938703e-09,87
"42","CGAAGA",3.68259790228013,0.228199577494754,3.30507270370287,0.00323522338841623,54
"43","CGAGCT",3.72641929223802,0.0920954350458631,5.51502734202393,3.50370434385398e-07,37
"44","CGATGT",3.14374339220187,0.338251480270543,-2.88191018042331,0.00508813394946784,63
"45","CGGGCT",3.15366523760119,0.599155276747135,-1.54423995781166,0.135533545730728,98
"46","CGGTAA",4.03412179622191,0.00314947785615177,11.8103358562465,1.28190813168417e-20,88
"47","CTAAGA",3.72822197426294,0.0739709519134261,5.77162537343174,8.55891563702285e-08,69
"48","CTCGAT",4.03520446088217,0.00314161891869046,11.8299744244614,1.16350396590468e-20,61
"49","CTGTTT",3.050799309947,0.480385955011585,-2.89966483911625,0.00627984086610276,41
"50","CTTAGC",4.03576478173775,0.00313755933538328,11.8401381307861,1.10659904326635e-20,47
"51","GAAACC",2.78950330044074,0.504974483615482,-6.65067423198215,1.11952508540039e-09,73
"52","GAAGAT",2.99203547839166,0.45773707697407,-4.02778576547333,0.00014950431078542,55
"53","GAGCTG",3.10836081109221,0.289187458482364,-3.71779486616365,0.000314506413218392,38
"54","GAGGAT",2.96554243770747,0.246126729327669,-6.39048590988601,2.07171848452795e-09,11
"55","GAGGGC",3.00522127893133,0.689608129733796,-2.5390632455604,0.0161599457339961,81
"56","GATCTC",3.54857518490897,0.0928166213155575,2.76308285702841,0.00669754263862961,58
"57","GATGTC",2.84146006934734,0.582053071218473,-5.42086822456366,4.8324098744864e-07,64
"58","GATTAA",2.83463929614982,0.916599051489183,-2.25401745023393,0.039001924594388,14
"59","GCACGA",3.41979008322388,0.489567192444306,0.255210967479103,0.801765135720203,51
"60","GCCCGG",3.52801873186518,0.172501796404953,2.05400962109721,0.0438532994784367,85
"61","GCGAGC",3.53458780446162,0.146908125945267,2.27342850471952,0.0255764379451384,36
"62","GCTGTT",3.24123509865398,0.510141442521106,-1.06696508400001,0.296296882001741,40
"63","GGAGGG",2.70265374952788,0.964116674313518,-3.95080044604458,0.000291893650705922,80
"64","GGATTA",3.39362275482256,0.653602843088696,0.0525255555482019,0.959112501072898,13
"65","GGCCCG",3.41780570868208,0.350120549251675,0.334449757045068,0.740737530352579,84
"66","GGCTGT",3.02501311869243,0.34367638481917,-4.55650814868864,1.38963118622949e-05,100
"67","GGGCCC",3.6060603889457,0.367896248703304,1.7371988944866,0.105199606939101,83
"68","GGGCTG",2.83455579891599,0.832974200171969,-3.1217025734305,0.00400660912513934,99
"69","GGTAAA",4.03408164564957,0.00314976968309618,11.80960756017,1.28652438614051e-20,89
"70","GTAAAA",4.0340414913648,0.00315006156412705,11.8088791967092,1.2911577463237e-20,90
"71","GTCTAA",4.03496410188488,0.00314336195781244,11.8256145300943,1.1888054771623e-20,67
"72","GTGAGG",2.85889887890203,0.821032894906255,-3.02200209085736,0.00513732551919986,9
"73","GTGCGA",3.57635864889196,0.415862485615822,1.36016648768859,0.197971128773431,34
"74","GTGTTT",3.10989831658583,0.230594882075096,-4.07090150359137,7.99161623886955e-05,3
"75","GTTTCT",3.6500883871342,0.295491153597577,2.46703952881943,0.02514610508311,43
"76","GTTTGT",3.73608839144974,0.0179240838162138,6.37807445051463,5.46001226329638e-09,5
"77","TAAAAA",4.03400133336692,0.00315035349925996,11.8081507658514,1.2958082773878e-20,91
"78","TAACAA",3.18310197095711,0.753624178758295,-0.985319219841758,0.338845607546506,20
"79","TAACAC",4.03656398808482,0.00313177809712139,11.8546349858687,1.03023003289504e-20,27
"80","TAAGAA",3.63041575180598,0.328683684715306,2.10781603836242,0.0526696585424804,70
"81","TAATAA",3.36956296717714,0.681938116250418,-0.0576093587913471,0.955171439757479,17
"82","TAGCAC",4.03568478014981,0.00313813863338369,11.838686975896,1.11454969790914e-20,49
"83","TAGTGT",2.7704121057187,0.802729946577387,-3.60495095662329,0.00112002618985107,1
"84","TCGATG",4.03516441028646,0.00314190929095382,11.8292479430642,1.16768209023128e-20,62
"85","TCTAAG",4.0349240291152,0.00314365265239689,11.8248876462169,1.19307712133999e-20,68
"86","TCTCGA",3.3003189294816,0.75831091637092,-0.333522594414892,0.745644532365504,60
"87","TCTTAG",3.72355772921446,0.104566889441883,5.30454183431026,1.08746672778447e-06,46
"88","TGAGGA",2.61610092201394,0.567597775048258,-8.72565340087056,6.05274015832699e-15,10
"89","TGCGAG",3.40129527511984,0.57432878731905,0.112171090428438,0.91217263790515,35
"90","TGTCTA",4.03500417095721,0.00314307131698561,11.8263413468608,1.18454956777172e-20,66
"91","TGTGAG",2.87879902480902,0.82683630501151,-2.88876728230584,0.00717193515241512,8
"92","TGTTTC",4.0359647212537,0.00313611202567575,11.8437648481086,1.08697670840663e-20,42
"93","TGTTTG",3.05369162051754,0.361429440660495,-3.96123328380616,0.000151475921093837,4
"94","TTAACA",3.11813203658462,0.974728759806848,-0.843901922182278,0.419287440311427,26
"95","TTAATA",4.03700292545653,0.00312860748829281,11.8625968914847,9.90559896826275e-21,16
"96","TTAGCA",3.71873174235667,0.1249510678164,4.95671316888409,6.53386379346443e-06,48
"97","TTCTTA",3.71601666018152,0.135733863346888,4.77316564482613,1.58036900817967e-05,45
"98","TTGTGA",2.79184532735205,0.841188958306139,-3.33542194199818,0.00231899179898896,7
"99","TTTCTT",3.23176605389344,0.44214127184685,-1.33038952045155,0.192771651478901,44
"100","TTTGTG",3.0187724172406,0.390772009866559,-4.22516534820274,6.03495082472447e-05,6
